id,name,description,ingredients,ingredients_raw,steps,servings,serving_size,tags
76133,Reuben and Swiss Casserole Bake,"I think this is even better than a reuben sandwich, I bet you will probably eat the whole casserole by yourself! :)","[""corned beef chopped"", ""sauerkraut cold water"", ""swiss cheese shredded"", ""rye bread"", ""butter""]","[""1/2-1   lb    corned beef, cooked and chopped "",""1/4  cup    thousand island dressing (Kraft is best)"",""1 (16   ounce) can   sauerkraut, drained and rinsed with cold water "",""1/2  lb    swiss cheese, shredded "",""6   slices    rye bread, crumbled into very small pieces "",""1/4  cup    butter, melted ""]","[""Set oven to 350 degrees F."", ""Butter a 9 x 13-inch casserole dish."", ""Place the corned beef in the bottom on the casserole dish then dot all over with the dressing."", ""Spread the sauerkraut over the top of the dressing then top with the grated Swiss cheese."", ""Toss the breadcrumbs with the butter in a bowl then sprinkle evenly over the the cheese."", ""Bake for 25-30 mins, or until bubbly."", ""NOTE; if desired the rye bread topping can be doubled.""]",4.0,1 (207 g),"[""60-minutes-or-less"", ""time-to-make"", ""course"", ""main-ingredient"", ""preparation"", ""casseroles"", ""main-dish"", ""eggs-dairy"", ""oven"", ""cheese"", ""dietary"", ""equipment""]"
418749,Tropical  Orange Layer Cake,An easy and delicious cake.  Great for a  summer birthday cake.,"[""orange cake mix"", ""instant vanilla pudding"", ""orange gelatin"", ""crushed pineapple"", ""coconut"", ""sour cream"", ""frozen whipped topping"", ""toasted coconut""]","[""1 (18   ounce)   pkge.orange cake mix"",""1 (3   ounce)   pkge. instant vanilla pudding"",""1 (3   ounce)   pkge. orange gelatin"",""4       eggs"",""1 1/2  cups    milk"",""1/2  cup    oil"",""1 (20   ounce) can   crushed pineapple, drained "",""2   cups    sugar"",""1 (10   ounce)   pkge. coconut, flaked "",""1   cup    sour cream"",""1 (8   ounce) carton   frozen whipped topping, thawed "","" toasted coconut""]","[""In a large mixing bowl, combine the first 6 ingredients; mix well."", ""Pour into 3 greased and floured 9 inch layer pans."", ""Bake at 350 degrees for 25-30 minutes."", ""Cool for 10 minutes, remove to wire racks to cool completely."", ""In a bowl, combine the pineapple, sugar, coconut and sour cream.  Remove one cup to another bowl; set aside.  Fill the cake layers with remaining pineapple mixture.  Fold whipped topping into the reserved pineapple mixture.  Spread over the top and sides of cake.  Sprinkle with toasted coconut.  Refrigerate.""]",16.0,1 (191 g),"[""60-minutes-or-less"", ""time-to-make"", ""course"", ""preparation"", ""for-large-groups"", ""low-protein"", ""desserts"", ""cakes"", ""dietary"", ""low-in-something"", ""number-of-servings""]"
532245,Chicken and Petite Carrots,"I made this for dinner since I had nothing to make, its an easy recipe made in an hour and thirty minutes, or less.","[""chicken breasts cutlets"", ""petite carrots"", ""vegetable oil"", ""garlic powder"", ""roasted garlic herbs"", ""seasoning"", ""water"", ""brown sugar"", ""butter margarine""]","[""2       chicken breasts, cutlets "",""1 (2   lb) bag  of petite carrots"",""1   teaspoon    vegetable oil"",""1   pinch    garlic powder"",""2   teaspoons   of roasted garlic and herbs"",""1   teaspoon    steak seasoning"",""4   cups    water"",""4   tablespoons    brown sugar"",""2   teaspoons    butter or 2   teaspoons    margarine""]","[""Step 1: Pull out a cutting board and cut the chicken breasts into strips."", ""Step 2: Pull out a small frying pan and put the teaspoon of oil into it, then turn the stove on medium."", ""Step 3: Pull out a small pot and put the 4 cups of water into it and put it on the stove to let boil."", ""Step 4: take the carrots out the bag and put it in the water, then put the chicken strips into the oil, with the seasoning."", ""After the carrots are done, drain the carrots and add the brown sugar and butter."", ""After the chicken is done, serve it while its hot, and enjoy.""]",4.0,1 (443 g),"[""time-to-make"", ""preparation"", ""presentation"", ""served-hot"", ""4-hours-or-less""]"
306467,Quick Bolognese Sauce,"Quick Bolognese Sauce Recipe from Festival Foods, a grocery store in Green Bay. This was featured on the local morning news.","[""olive oil"", ""yellow onion"", ""celery rib"", ""carrot chopped"", ""garlic salt"", ""black pepper"", ""tomato paste"", ""dry red wine"", ""beef broth"", ""crushed tomatoes"", ""heavy cream"", ""fresh basil"", ""parmesan cheese""]","[""2   tablespoons    light olive oil"",""1   small    yellow onion, chopped "",""1       celery rib, chopped "",""1       carrot, chopped "",""2   lbs    ground chuck"",""1   teaspoon    garlic salt"",""1/2  teaspoon    black pepper"",""1   tablespoon    tomato paste"",""3/4  cup    dry red wine"",""1   cup    beef broth"",""1   cup    crushed tomatoes"",""1/2  teaspoon    salt"",""1   cup    heavy cream"",""  fresh basil"",""  parmesan cheese""]","[""Saute onion, celery, and carrot in olive oil.  Cook, stirring occasionally, about 5 minutes. Add the ground beef; increase heat to medium-high. Cook, stirring occasionally, until evenly brown, about 15 minutes."", ""Season with garlic salt and pepper. Stir in the wine, scraping up any browned bits from the bottom of the pan. Stir in the broth, tomato paste and tomatoes.  Bring to a boil then turn down heat and let simmer uncovered for 40 to 50 minutes. Skim off fat if desired."", ""Stir in heavy cream and heat but don""t boil.  Serve sauce over hot pasta.  Garnish with fresh basil and grated Parmesan Cheese.""]",6.0,1 (297 g),"[""time-to-make"", ""course"", ""main-ingredient"", ""cuisine"", ""preparation"", ""occasion"", ""very-low-carbs"", ""main-dish"", ""vegetables"", ""easy"", ""european"", ""dinner-party"", ""dietary"", ""low-carb"", ""low-in-something"", ""meat"", ""pasta-rice-and-grains"", ""taste-mood"", ""presentation"", ""3-steps-or-less"", ""technique"", ""4-hours-or-less""]"
457658,Mom's Macaroni Salad,"My mom's macaroni salad recipe.  I leave out the bell peppers because Hubby doesn't care for them, and I chop the onions very fine because I don't like biting into big pieces.  I also recommend making extra dressing to add later.  The macaroni will absorb the moisture as it sets, which could make the salad seem too dry.","[""macaroni"", ""mayonnaise"", ""vinegar"", ""yellow mustard"", ""celery chopped"", ""onion"", ""green red bell pepper chopped"", ""hard boiled egg chopped""]","[""8   ounces    elbow macaroni (cooked)"",""1   cup    mayonnaise"",""2   tablespoons    vinegar"",""1   tablespoon    yellow mustard"",""1   teaspoon    sugar"",""1   teaspoon    salt"",""1/4  teaspoon    pepper"",""1   cup    celery, chopped "",""1/4  cup    onion, chopped "",""1   cup   green \u0026 red bell pepper, chopped "",""1   cup    hard-boiled egg, chopped ""]","[""Boil macaroni according to package directions, being sure not to overcook."", ""Drain macaroni in a colander, then run under cold water or return to the pot and fill with cold water to chill."", ""Combine the dressing ingredients in a large bowl and mix well."", ""Combine macaroni, dressing and your choice of add-ins in a large bowl (preferably one with a lid for storage) and mix thoroughly."", ""Chill for at least 2-3 hours so flavors can blend."", ""Add extra dressing if needed.""]",4.0,1 (120 g),"[""30-minutes-or-less"", ""time-to-make"", ""course"", ""main-ingredient"", ""preparation"", ""occasion"", ""salads"", ""pasta"", ""potluck"", ""picnic"", ""dietary"", ""low-cholesterol"", ""low-in-something"", ""pasta-rice-and-grains"", ""elbow-macaroni"", ""to-go""]"
437096,Junior League- Fiesta Chicken Salad W/ Lime Cilantro Vinaigrette,Fiesta Chicken Salad and Lime Cilantro Vinaigrette,"[""chopped shallot"", ""fresh lime juice"", ""chopped fresh cilantro"", ""minced garlic"", ""vegetable oil"", ""salt pepper"", ""red lettuce"", ""sliced napa cabbage"", ""chopped cooked chicken breast"", ""chopped plum tomatoes"", ""red bell pepper"", ""yellow bell pepper"", ""chopped avocado"", ""crumbled tortilla chips"", ""frozen whole kernel"", ""toasted pumpkin seeds pepitas"", ""sliced onion"", ""crumbled queso anejo feta cheese""]","[""1/2  cup   chopped shallot"",""1/4  cup    fresh lime juice"",""1/4  cup   chopped fresh cilantro"",""1   tablespoon   minced garlic"",""1/2  cup    vegetable oil"",""  salt and pepper"",""3   cups   thinly sliced red lettuce"",""3   cups   thinly sliced napa cabbage"",""1   cup   chopped cooked chicken breast"",""2      seeded chopped plum tomatoes"",""1/2     thinly sliced red bell pepper"",""1/2     thinly sliced yellow bell pepper"",""1/2     chopped avocado"",""1/3  cup   crumbled tortilla chips"",""1/4  cup   thawed frozen whole kernel corn"",""1/4  cup   toasted pumpkin seeds or 1/4  cup    pepitas"",""1/4  cup   thinly sliced onion"",""1/2  cup   crumbled queso anejo or 1/2  cup    feta cheese""]","[""For the vinaigrette, combine the shallots, lime juice, cilantro and garlic in a bowl and mix well.  Whisk in the oil gradually.  Season with salt and pepper.  You may prepare up to 1 day in advance and store, covered, in the refrigerator.  Bring to room temperature before serving."", ""For the salad, combine the lettuce, cabbage, chicken, tomatoes, bell peppers, avocado, tortilla chips, corn, pumpkin seeds and onion in a bowl and toss to mix.  Drizzle with the vinaigrette and mix well.  Sprinkle with the cheese.""]",6.0,1 (212 g),"[""weeknight"", ""30-minutes-or-less"", ""time-to-make"", ""course"", ""main-ingredient"", ""preparation"", ""occasion"", ""salads"", ""vegetables"", ""easy"", ""diabetic"", ""dinner-party"", ""salad-dressings"", ""dietary"", ""brunch"", ""3-steps-or-less""]"
233067,Crepes for Two,"I'm only cooking for two now and always on the look out for recipes that can be reduced to smaller portions, i.e., not easy to split one egg.   I fill my crepes with marmalade, roll and sprinkle with powder sugar.  DH like a splash of maple syrup on his. The possibilities are endless with these tasty little morsels.","[""milk"", ""vegetable oil"", ""powdered sugar"", ""orange marmalade"", ""spray""]","[""1/2  cup    flour"",""3/4  cup    milk"",""1       egg"",""1/2  teaspoon    vegetable oil"",""1   dash    salt"",""1/4  cup    powdered sugar"",""1/2  cup    orange marmalade"",""  oil or   nonstick cooking spray""]","[""Combine flour, milk, eggs, and oil and salt."", ""Heat a small skillet or crepe pan, spray with non-stick oil and removed from heat."", ""Spoon in 2 Tbsp batter; lift and tilt skillet to spread evenly."", ""Return to heat; brown on one side."", ""Invert pan over paper towel to remove."", ""Repeat with remaining batter."", ""Fill with marmalade and roll."", ""Sprinkle with powdered sugar.""]",2.0,1 (243 g),"[""15-minutes-or-less"", ""time-to-make"", ""course"", ""cuisine"", ""preparation"", ""for-1-or-2"", ""pancakes-and-waffles"", ""breakfast"", ""french"", ""european"", ""dietary"", ""number-of-servings""]"
368399,Ranch Style Beef,"This is a great recipe for ameat with gravy.  Serve with mashed potatoes, and greens, so delicious!!","[""boneless beef stew meat"", ""white onions"", ""whole cloves"", ""brown sugar"", ""red wine vinegar"", ""thyme""]","[""2   lbs   boneless beef stew meat, cut into 1-inch cubes "",""12   small    white onions"",""4       whole cloves"",""2   tablespoons    brown sugar"",""1 1/2  teaspoons    salt"",""1/2  teaspoon   bottled Kitchen Bouquet"",""1   tablespoon    red wine vinegar"",""1       bay leaf"",""1/8  teaspoon    thyme"",""3/4  cup    water"",""1/4  cup    flour""]","[""In slow-cooking pot, alternate beef and onions; stick cloves into 4 onions.  Sprinkle with sugar and salt.  Combine gravy sauce, vinegar, bay leaf, thyme, and water.  Pour over meat.  Cover and cook on low for 5-7 hours or until tender.  Turn control to high.  Dissolve flour in small amount of water.  Stir into meat juices.  Cook on high for 15-20 minutes.""]",4.0,1 (336 g),"[""course"", ""main-ingredient"", ""preparation"", ""main-dish"", ""beef"", ""easy"", ""crock-pot-slow-cooker"", ""one-dish-meal"", ""meat"", ""roast-beef"", ""equipment"", ""3-steps-or-less""]"
246795,Craig Claiborne's Vinaigrette,"For any salad. You can use any one of these oils: peanut, corn or olive.","[""Dijon mustard"", ""pepper"", ""red wine vinegar"", ""corn oil olive oil"", ""shallot""]","[""2   teaspoons    Dijon mustard"",""  salt, to taste "",""  pepper, to taste "",""1   tablespoon    red wine vinegar"",""1/3  cup    corn oil or 1/3  cup    olive oil"",""1   tablespoon    shallot, chopped fine ""]","[""In a bowl, add mustard, salt, pepper and vinegar."", ""Stir well; to make smooth, whisk while adding the oil slowly."", ""You want to get it thick like mayonnaise."", ""Add the shallots and mix well.""]",2.0,1 (53 g),"[""15-minutes-or-less"", ""time-to-make"", ""course"", ""preparation"", ""occasion"", ""for-1-or-2"", ""salads"", ""condiments-etc"", ""easy"", ""no-cook"", ""dinner-party"", ""holiday-event"", ""kosher"", ""vegetarian"", ""salad-dressings"", ""dietary"", ""brunch"", ""number-of-servings"", ""technique""]"
397212,Chocolate Scotcheroos,a sweet and chocolatly dessert everyone will enjoy at get togethers and parties :),"[""corn syrup"", ""peanut butter"", ""Rice Krispies cocoa Rice Krispies"", ""semisweet chocolate morsel"", ""butterscotch chips""]","[""1   cup    light corn syrup"",""1   cup    sugar"",""1   cup    peanut butter"",""6   cups    Rice Krispies or 6   cups   cocoa Rice Krispies"",""      semisweet chocolate morsel"",""1   cup    butterscotch chips""]","[""1. Place corn syrup and sugar into 3-quart saucepan. Cook over medium heat, stirring frequently, until sugar dissolves and mixture begins to boil. Remove from heat. Stir in peanut butter. Mix well. Add KELLOGG""S RICE KRISPIES cereal. Stir until well coated. Press mixture into 13 x 9 x 2-inch pan coated with cooking spray. Set aside."", ""2. Melt chocolate and butterscotch chips together in 1-quart saucepan over low heat, stirring constantly. Spread evenly over cereal mixture. Let stand until firm. Cut into 2 x 1-inch bars when cool."", ""Before measuring the corn syrup, coat your measuring cup with cooking spray--the syrup will pour easily out of the cup.""]",24.0,1 (47 g),"[""time-to-make"", ""course"", ""preparation"", ""for-large-groups"", ""desserts"", ""easy"", ""cookies-and-brownies"", ""bar-cookies"", ""number-of-servings"", ""3-steps-or-less"", ""4-hours-or-less""]"
171345,Peanut Butter and Banana Burrito,"I know, I know...it's weird! But it's delicious! A great quick breakfast, lunch or snack!!!","[""flour tortilla"", ""peanut butter"", ""banana""]","[""1       flour tortilla"",""1 -2   tablespoon    peanut butter"",""1/2      banana, sliced ""]","[""Heat tortilla over open flame of burner, till heated thru and pliable, turning once."", ""Quickly spread peanut butter over 1/2 of tortilla, and top with banana slices."", ""Fold in ends or tortilla, and then roll up!"", ""Enjoy!""]",1.0,1 (105 g),"[""15-minutes-or-less"", ""time-to-make"", ""course"", ""main-ingredient"", ""cuisine"", ""preparation"", ""occasion"", ""north-american"", ""for-1-or-2"", ""5-ingredients-or-less"", ""breakfast"", ""lunch"", ""fruit"", ""american"", ""southern-united-states"", ""southwestern-united-states"", ""easy"", ""beginner-cook"", ""kid-friendly"", ""dietary"", ""inexpensive"", ""tropical-fruit"", ""bananas"", ""brunch"", ""number-of-servings""]"
8312,Creole Shrimp Stew,"This is one of my adopted recipes.  I have not made it yet, so I have not made any revisions.","[""bacon"", ""all"", ""celery chopped"", ""large onion"", ""green pepper"", ""green onions chopped"", ""tomato paste"", ""seafood stock"", ""water"", ""lemon juice"", ""granulated sugar"", ""creole spices"", ""shrimp"", ""fresh parsley""]","[""1/3  cup    bacon, Chopped "",""1/3  cup    all-purpose flour"",""4   stalks    celery, chopped "",""1   large    onion, chopped "",""1   large    green pepper, chopped "",""6       green onions, chopped "",""1   cup    tomato paste"",""3   cups    seafood stock"",""2   cups    water"",""2   tablespoons    lemon juice"",""1   tablespoon    granulated sugar"",""  creole spices"",""2   lbs    shrimp, uncooked, shelled "",""1/4  cup    fresh parsley, Minced ""]","[""Cook bacon in large, heavy pan over medium heat until fat escapes and bacon is crisp."", ""Blend in flour and whisk until it burns a peanut brown color."", ""Add celery, onion, green pepper and green onions and cook, stirring until vegetables soften, about 10 minutes."", ""Blend in tomato paste, seafood stock, water, lemon juice, sugar and spices to taste."", ""Stir to blend mixture into a roux."", ""Bring to a boil, reduce heat, cover and simmer very slowly, stirring frequently, until sauce thickens, about 10 minutes."", ""Add uncooked, shelled, deveined shrimp and parsley and continue to cook over low heat, just until shrimp turn pink. taste and adjust seasonings."", ""Serve hot over hot rice. 4 servings.""]",4.0,1 (588 g),"[""15-minutes-or-less"", ""time-to-make"", ""course"", ""main-ingredient"", ""cuisine"", ""preparation"", ""occasion"", ""north-american"", ""main-dish"", ""seafood"", ""american"", ""cajun"", ""southern-united-states"", ""stews"", ""shrimp"", ""creole"", ""dietary"", ""shellfish""]"
483279,Pear and Prosciutto Salad,Pear and Prosciutto were made for each other; that sweet and salty make your taste buds very happy. You can prepare a small salad to serve as an entrée or a larger one for lunch with a fresh dinner roll.,"[""ripe pears"", ""white balsamic vinegar"", ""Dijon mustard"", ""black pepper"", ""olive oil"", ""fresh lemon juice"", ""Spinach"", ""sliced prosciutto"", ""glazed pecans""]","[""2      ripe pears"",""2   tablespoons    white balsamic vinegar"",""1/2  teaspoon    Dijon mustard"",""1/4  teaspoon    salt"",""1/8  teaspoon    ground black pepper"",""6   tablespoons    olive oil"",""1   tablespoon    fresh lemon juice"",""1 (6   ounce) bag   Baby Spinach"",""1 (3   ounce) package  thinly sliced prosciutto, torn into strips "",""1/2  cup   glazed pecans""]","[""Cut pears in half and core them."", ""Peel one pear half, chop into cubes and place in a blender with the vinegar, mustard, salt and pepper. Puree until smooth. With the blender running add the olive oil; set aside."", ""Cut remaining (unpeeled) pear halves into thin slices and place into a large bowl with the spinach."", ""Pour the dressing over the top and gently toss."", ""Place greens and pears onto each plate."", ""Top each with 1/4 of the prosciutto, candied pecans and serve.""]",4.0,1 (196 g),"[""15-minutes-or-less"", ""time-to-make"", ""course"", ""main-ingredient"", ""cuisine"", ""preparation"", ""occasion"", ""north-american"", ""salads"", ""fruit"", ""vegetables"", ""canadian"", ""dinner-party"", ""taste-mood""]"
187408,"Aloo Gobi Mattar - Cauliflower, Pea and Potato Curry","Why choose between aloo gobi and aloo mattar when you can have both? This is a really tasty dish adapted from the Aloo Gobi recipe at Route79.com - It's a great alternative if you're interested in sneaking some more green vegetables (in this case, peas) into your curry! Traditionally this kind of dish is made in a karahi, but a wok or large nonstick pan with cover works. I highly recommend using ghee for the best flavor. Gluten-free, soy-free and dairy-free. Serve basmati rice and chapati or naan.","[""cauliflower"", ""large onions"", ""baking potatoes"", ""frozen green pea"", ""vegetable stock chicken stock"", ""ghee clarified butter"", ""fresh ginger grated juice"", ""fresh ginger"", ""garlic cloves minced"", ""hot green chili pepper minced"", ""turmeric"", ""garam masala"", ""coriander"", ""white pepper"", ""fenugreek"", ""cumin"", ""cumin seed"", ""lemon juice"", ""fresh cilantro chopped""]","[""1   large    cauliflower, cut into small florets "",""2   large    onions, chopped into 1/2-inch chunks "",""3   medium    baking potatoes, peeled and chopped into 1/2-inch- 3/4-inch chunks "",""1   cup    frozen green pea"",""1   cup    vegetable stock or 1   cup    chicken stock"",""4   tablespoons    ghee or 4   tablespoons    clarified butter"",""2   tablespoons    fresh ginger, grated  (including juice)"",""2   tablespoons    fresh ginger, peeled and finely minced "",""5       garlic cloves, minced "",""1   medium    hot green chili pepper, minced "",""2   teaspoons    turmeric"",""1   tablespoon    garam masala"",""2   teaspoons    ground coriander"",""1   teaspoon    salt"",""1/2  teaspoon    white pepper"",""1   teaspoon    fenugreek seeds"",""1   teaspoon    ground cumin"",""1   teaspoon    cumin seed"",""1/2      lemon, juice of"",""1/3  cup    fresh cilantro, chopped ""]","[""Heat oil in a large wok, karahi, or deep nonstick pan over high heat. Add onions and cumin seeds, and cook until onions are translucent. Then add the minced garlic, chunks of ginger and chili pepper. Sauté for 2 minutes, stirring frequently."", ""Add all remaining spices, including salt. Stir well."", ""Immediately add potato to pan. Stir until coated in oil and spices. Turn heat down to medium and sauté potato for 3-5 minutes, stirring frequently."", ""Add chicken or vegetable stock, then put lid on pan, lower heat to medium-low and simmer for around 15 minutes."", ""Add the cauliflower florets, grated ginger and lemon juice. Stir well. Replace lid, turn heat to low, and let simmer for about 10 minutes. If the ingredients are sticking to the pan, you can add a bit more stock or 1/4 cup of water at this point."", ""Add frozen peas to pan, and stir ingredients. Cover and simmer for 10 more minutes."", ""Turn off heat. Add half of the fresh cilantro, and mix thoroughly. Replace the lid, then allow to rest for 10 minutes before adjusting salt to taste and serving dish over rice. Garnish with remaining fresh cilantro.""]",6.0,1 (342 g),"[""lactose"", ""60-minutes-or-less"", ""time-to-make"", ""course"", ""main-ingredient"", ""cuisine"", ""preparation"", ""main-dish"", ""potatoes"", ""vegetables"", ""asian"", ""indian"", ""kosher"", ""vegan"", ""vegetarian"", ""stews"", ""dietary"", ""one-dish-meal"", ""gluten-free"", ""free-of-something"", ""cauliflower""]"
164054,Spanish Style Chicken (Grilled With Raisin Wine Sauce),"I am looking to thin my collection of cookbooks over the next several months.  To do so, I’m submitting all of the recipes I tabbed to try one day here for safe keeping.  This particular dish comes from an indoor grilling cookbook and would also be suitable for outdoor cooking.  It is a true departure from my usual preference for bolder spices, but is truly flavorful treatment of the bland chicken breast.","[""olive oil"", ""white onion"", ""mushroom"", ""all"", ""dry white wine"", ""fat free chicken broth"", ""lemon juice"", ""thyme"", ""raisins"", ""Worcestershire sauce"", ""salt"", ""boneless skinless chicken breast"", ""thyme"", ""garlic clove minced"", ""olive oil""]","[""1 1/2  tablespoons    olive oil"",""1   large    white onion, chopped "",""1/2  lb    mushroom, sliced "",""2   tablespoons    all-purpose flour"",""3/4  cup    dry white wine"",""3/4  cup    fat free chicken broth"",""1 1/2  tablespoons    lemon juice"",""2       bay leaves"",""1/4  teaspoon    pepper"",""1/2  teaspoon    thyme"",""1/2  cup    raisins"",""1   teaspoon    Worcestershire sauce"",""1   dash    salt (to taste)"",""1   lb    boneless skinless chicken breast"",""1/2  teaspoon    thyme"",""1       garlic clove, minced "",""1/4  teaspoon    pepper"",""1   tablespoon    olive oil""]","[""Heat oil in a medium saucepan.  Add onions and mushrooms and sauté for 4 minutes, stirring occasionally so the vegetables soften without browning."", ""Stir in flour and continue cooking an additional 2 minutes."", ""Stir in the broth and wine and bring the mixture to a boil. Reduce to a simmer until it begins to thicken."", ""And add the lemon juice, bay leaves, pepper, thyme, salt and raisins. Simmer for 5 minutes. Remove bay leaves."", ""Mix together the olive oil, garlic, thyme and pepper so that it creates a paste. Cut chicken into ½ inch strips. Toss the chicken strips with the seasoning paste and grill about three minutes or so until cooked."", ""Serve chicken strips with sauce spooned on top.  Goes well with rice.""]",4.0,1 (333 g),"[""lactose"", ""60-minutes-or-less"", ""time-to-make"", ""course"", ""main-ingredient"", ""cuisine"", ""preparation"", ""occasion"", ""main-dish"", ""fruit"", ""poultry"", ""vegetables"", ""spanish"", ""barbecue"", ""european"", ""chicken"", ""stove-top"", ""dietary"", ""mushrooms"", ""free-of-something"", ""meat"", ""chicken-breasts"", ""taste-mood"", ""savory"", ""equipment"", ""grilling""]"
535069,Spinach Artichoke Dip,"BOU is a better for you line of bouillon cubes for creative cooks at all skill levels. Launched by innovative food entrepreneurs, Robert Jakobi and Kunal Kohli, the cube is a healthier, tastier and higher quality version of the pantry staple. Using a US-based proprietary manufacturing process, BOU uses natural, non-GMO ingredients to produce hassle free flavor at your finger-tips with 30 percent less sodium than the other leading brands. BOU is a kitchen must-have for elevating the flavor of any meal from soups to stews, grilled meats to vegetable stir-fries. BOU is Gluten free and comes in three flavors – chicken, beef, and vegetable. Products are available for purchase at stores across the New York-Metro area, as well as online at Fresh Direct.","[""coconut oil"", ""bou vegetable flavored bouillon cube"", ""white onion"", ""garlic cloves"", ""artichoke hearts"", ""frozen chopped spinach excess liquid"", ""fresh part - skim ricotta cheese"", ""mayonnaise"", ""reduced - fat cream cheese"", ""shredded - skim mozzarella cheese"", ""nutmeg"", ""fresh ground pepper""]","[""1   tablespoon    coconut oil"",""1      bou vegetable flavored bouillon cube"",""1   medium    white onion, finely chopped  (about 1 1/2 cups)"",""3       garlic cloves"",""1 (9   ounce) package   artichoke hearts, defrosted, rinsed, dried, finely chopped "",""1 (10   ounce) package   frozen chopped spinach, defrosted, excess liquid squeezed out "",""1/2  cup   fresh part-skim ricotta cheese"",""2   tablespoons    mayonnaise"",""1/2  cup    reduced-fat cream cheese"",""1/2  cup   shredded part-skim mozzarella cheese"",""1/2  teaspoon    nutmeg"",""1/2  teaspoon    salt"",""1/4  teaspoon    fresh ground pepper""]","[""Preheat oven to 375 degrees F."", ""2. Heat the oil in a saute pan over medium heat. Add onions and cook stirring occasionally,    4 to 5 minutes. Add garlic and Bou and cook an additional 3 to 4 minutes, or until onions are light golden. Remove from heat and cool."", ""3. In the bowl of a food processor combine artichoke hearts, spinach, ricotta, mayonnaise, cream cheese, mozzarella, nutmeg, salt and pepper. Process until smooth. Add cooled onion-garlic mixture to the food processor and pulse a few times to combine."", ""4. Transfer mixture into an 8-inch glass square baking dish or 9-inch glass pie plate which has been lightly sprayed with cooking spray. Bake for 15 to 20 minutes or until heated through. Serve with tortilla chips.""]",6.0,1 (173 g),"[""30-minutes-or-less"", ""time-to-make"", ""course"", ""preparation"", ""side-dishes""]"
214352,Tahitian Tuna (Poisson Cru),Serves 16 or more(for appetizers)Serves 8-10 (for a main course)My husband and I went to French Polynesia and this was a base dish at many meals. We never had a recipe for this but we paid attention when it was being made. As a result of having this dish my husband learned how to open fresh coconuts with a stick and a rock.Tip: If you do not want to go to all of the trouble of shredding a fresh coconut use the store bought can of coconut milk (make sure you shake well before adding to the tuna). You will only need about 1/2 to 3/4 of a can of coconut milk.,"[""tuna"", ""limes"", ""tomatoes"", ""red onion"", ""cucumber"", ""coconut meat""]","[""2 1/4  lbs    tuna, cut into bites sized cubes "",""8       limes, cut in half "",""2       tomatoes, coarsely diced "",""1   small    red onion, thinly sliced "",""1   small    cucumber, thinly sliced "",""1       coconut, opened meat taken out and shredded "",""1   dash    salt""]","[""Place tuna cubes into a large bowl and sprinkle with salt. Take the limes squeeze them over the tuna (make sure no seeds end up in the bowl)."", ""After add all of the juice from the 8 limes, stir the tuna until it is coated with the juice."", ""Allow the tuna/ lime mixture to cook/ cure for about 5 minutes. (The lime juice actually begins to ‘cook’ the tuna)."", ""After the mixture has ‘cooked’ add the diced tomatoes, red onion and cucumber to the bowl and mix well."", ""Take the freshly shredded coconut and place in cheesecloth, squeeze the coconut over the tuna (this is the coconut cream)."", ""Mix the tuna, vegetable, cream mixture refrigerate until ready to serve.""]",8.0,1 (217 g),"[""30-minutes-or-less"", ""time-to-make"", ""course"", ""main-ingredient"", ""cuisine"", ""preparation"", ""south-west-pacific"", ""main-dish"", ""seafood"", ""vegetables"", ""easy"", ""no-cook"", ""fish"", ""tuna"", ""polynesian"", ""saltwater-fish"", ""onions"", ""tomatoes"", ""technique""]"
21702,Caramelized Onion Chicken,This recipe was adapted from Cooking Light. Only 246 cals and 2.6 g of fat. It takes only 20 minutes to make and tastes great.,"[""boneless skinless chicken breasts"", ""salt pepper"", ""olive oil flavored cooking spray"", ""medium onion"", ""strawberry jam"", ""red wine vinegar"", ""sodium soy sauce"", ""fresh ginger"", ""rosemary""]","[""2       boneless skinless chicken breasts, cut in strips "",""  salt and pepper"",""  olive oil flavored cooking spray"",""1   medium    onion, sliced "",""1/4  cup    strawberry jam"",""1   tablespoon    red wine vinegar"",""1   tablespoon    low sodium soy sauce"",""1   teaspoon    fresh ginger, grated "",""1/2  teaspoon    rosemary""]","[""Sprinkle the chicken with salt and pepper."", ""Spray the onions and a large frying pan with kitchen spray."", ""Saute the onions for 2 minutes, then add chicken to the pan."", ""Continue cooking an additional 8 minutes or until chicken is no longer pink."", ""Remove both onions and chicken from the pan."", ""Add the jam and remaining ingredients to the pan, and cook for 2 minutes, stirring constantly."", ""Return chicken and onions to the pan and continue cooking for 4 minutes, stirring occasionally.""]",4.0,1 (122 g),"[""30-minutes-or-less"", ""time-to-make"", ""course"", ""main-ingredient"", ""cuisine"", ""preparation"", ""north-american"", ""healthy"", ""main-dish"", ""poultry"", ""american"", ""easy"", ""low-fat"", ""chicken"", ""dietary"", ""low-saturated-fat"", ""low-in-something"", ""meat""]"
279011,Fruity Angel Food Cake Trifle,"From Quick Cooking 2003Measure the trifle bowl to the cake and if the diameter of the cake is larger than the bowl, trim it to fit or you can cut the cake into cubes.  Very pretty presentation.  Allow 3 hours to chill before serving.","[""cold milk"", ""vanilla instant pudding mix"", ""angel food cake"", ""frozen whipped topping"", ""pineapple tidbits"", ""sliced pears"", ""strawberry"", ""kiwi fruits"", ""fresh blueberries""]","[""4   cups   cold milk"",""2 (3 1/2  ounce) packages   vanilla instant pudding mix"",""1      prepared angel food cake (approx 8-inch diameter)"",""1 (8   ounce) carton   frozen whipped topping, thawed "",""1 (20   ounce) can   pineapple tidbits, drained "",""1 (15   ounce) can  sliced pears, drained "",""1   pint    strawberry, sliced "",""4       kiwi fruits, peeled, halved and thinly sliced "",""1   cup    fresh blueberries""]","[""In a mixing bowl, beat milk and pudding mix on low speed for 2 minutes; set aside."", ""Split cake horizontally into thirds."", ""Place one layer in a 5 quart trifle or serving bowl that is 9 inches in diameter (see note in heading about measuring)."", ""Top with a third of the pudding, third of the whipped topping and a third of the fruit."", ""Repeat layers two times."", ""Cover and chill for at least 3 hours before serving.""]",20.0,1 (188 g),"[""time-to-make"", ""course"", ""main-ingredient"", ""preparation"", ""occasion"", ""for-large-groups"", ""low-protein"", ""healthy"", ""desserts"", ""fruit"", ""easy"", ""beginner-cook"", ""dinner-party"", ""holiday-event"", ""low-fat"", ""cakes"", ""dietary"", ""low-cholesterol"", ""low-calorie"", ""healthy-2"", ""low-in-something"", ""brunch"", ""number-of-servings"", ""presentation"", ""served-cold"", ""4-hours-or-less""]"
393143,Okra Gumbo,I came across this recipe in an old cookbook of my grandmothers.  I have only made it once but it has good flavor.  My hubby added smoked sausage and chicken to it for a hearty meal.  My kids even loved it.,"[""okra"", ""medium onion chopped"", ""sliced celery"", ""stewed tomatoes"", ""garlic clove"", ""green onion"", ""tomato juice"", ""chili powder"", ""oregano flakes"", ""sweet basil"", ""rosemary"", ""celery seed"", ""olive oil""]","[""2   cups    okra (fresh or frozen)"",""1   medium    onion, chopped "",""1   cup   sliced celery"",""1 (14   ounce) can   stewed tomatoes"",""1       garlic clove, pressed "",""1   bunch    green onion, chopped  (tops also)"",""  tomato juice (like V8)"",""1   tablespoon    salt"",""1/4  teaspoon    pepper"",""1   tablespoon    sugar"",""2   teaspoons    chili powder"",""1       bay leaf"",""1/2  teaspoon    oregano flakes"",""1/2  teaspoon    sweet basil"",""1/2  teaspoon   whole rosemary"",""1/2  teaspoon    celery seed"",""2   tablespoons    olive oil""]","[""Saute onions, celery, garlic, and okra in olive oil until onions are clear."", ""Add all seasonings and stir to coat onions, celery, and okra."", ""Add tomatoes."", ""Add tomato juice to cover and cook until celery is tender."", ""Serve over cooked white or brown rice.""]",5.0,1 (187 g),"[""60-minutes-or-less"", ""time-to-make"", ""course"", ""cuisine"", ""preparation"", ""north-american"", ""gumbo"", ""main-dish"", ""american"", ""southern-united-states"", ""vegetarian"", ""stews"", ""creole"", ""dietary"", ""one-dish-meal"", ""soul""]"
393384,Barbecued Butterflied Leg of Lamb With a Minted Couscous Salad,"This recipe is from http:www.dariwillfarm.com.au/recipes.html and sounds delicious, they served it with a Minted Couscous Salad.  Times are estimated, though have not included 2 hour marinade time and would assume you would make the couscous salad while lamb is cooking.","[""virgin olive oil"", ""black pepper"", ""chili"", ""fennel seed"", ""cumin"", ""lamb visible fat"", ""water"", ""virgin olive oil"", ""lemons"", ""mint leaves"", ""garlic cloves"", ""medium tomatoes"", ""parsley""]","[""3   tablespoons    extra virgin olive oil"",""1/2  tablespoon    black pepper (freshly ground)"",""1/4  teaspoon    chili (ground or powder)"",""1   teaspoon    fennel seed"",""1   tablespoon    ground cumin"",""1       butterflied leg of lamb (trimmed of visible fat)"",""1 1/2  cups    couscous"",""1 1/2  cups    water (salted)"",""3   tablespoons    extra virgin olive oil"",""2       lemons (juice of)"",""12       mint leaves (finely chopped)"",""2       garlic cloves (very finely chopped)"",""4   medium    tomatoes (diced)"",""2   tablespoons    parsley (chopped)""]","[""In a large bowl mix 3 tablespoons extra virgin olive oil with the black pepper, chilli, fennel seeds and cumin."", ""Rub mix all over the butterflied leg of lamb and then cover and leave for at least 2 hours."", ""Season lamb with salt."", ""Cook lamb on a medium barbecue heat for about 15 minutes on each side."", ""Then remove from heat and let rest for 10 minutes before cutting into this slices."", ""This will give a medium rare lamb, if you like your lamb more well done leave it on longer until done to your desired taste, personally I would be allowing about 45 minutes all up but we like ours well done."", ""Couscous Salad - Bring 1 1/2 cups of salted water to the boil and then add the couscous, return to the boil and mix well."", ""Turn off the heat, cover with a lid and leave for 5 minutes."", ""After that time, transfer the couscous to a bowl, mix in the 3 tablespoons extra virgin olive oil and allow to cool."", ""Add the lemon juice, mint leaves, chopped garlic, diced tomatoes and parsley to the couscous."", ""Serve with sliced lamb.""]",4.0,1 (332 g),"[""60-minutes-or-less"", ""time-to-make"", ""course"", ""main-ingredient"", ""cuisine"", ""preparation"", ""south-west-pacific"", ""main-dish"", ""lamb-sheep"", ""australian"", ""barbecue"", ""diabetic"", ""dietary"", ""meat"", ""equipment"", ""grilling""]"
122,Commissary Carrot Cake,Best in the world- takes two days to prepare,"[""heavy cream"", ""unsalted butter"", ""pecans chopped"", ""vanilla"", ""corn oil"", ""flour"", ""cinnamon"", ""baking powder"", ""carrots grated"", ""pecans chopped"", ""raisins"", ""cream cheese frosting"", ""unsalted butter"", ""cream cheese"", ""powdered sugar"", ""vanilla"", ""coconut""]","[""1 1/2  cups    sugar"",""1/4  cup    flour"",""3/4  teaspoon    salt"",""1 1/2  cups    heavy cream"",""6   ounces    unsalted butter (3/4 cup)"",""1 1/4  cups    pecans, chopped "",""2   teaspoons    vanilla"",""1 1/4  cups    corn oil"",""2   cups    sugar"",""2   cups    flour"",""2   teaspoons    cinnamon"",""2   teaspoons    baking powder"",""1   teaspoon    salt"",""4       eggs"",""4   cups    carrots, grated  (about a 1 lb. bag)"",""1   cup    pecans, chopped "",""1   cup    raisins"",""  to taste    cream cheese frosting"",""8   ounces    unsalted butter, soft "",""8   ounces    cream cheese, soft "",""1 (1   lb) box   powdered sugar"",""1   teaspoon    vanilla extract"",""4   ounces    coconut, sweetened, shredded "",""""]","[""In a heavy saucepan,blend well the flour,sugar and salt.  Gradually stir in the cream."", ""Add the butter."", ""Cook and stir the mixture over a  low heat until the butter has melted, then let simmer for 20-30 minutes until  golden brown in color, stirring occasionally."", ""Cool to lukewarm."", ""Stir in the  nuts and vanilla."", ""Let cool and refrigerate, preferably overnight.  If too thick  to spread, bring to room temperature before using."", ""Carrot Cake Preheat oven to 350 F."", ""Have ready a greased and floured 10"" tube  cake pan."", ""In a large bowl Whisk together the corn oil and sugar."", ""Sift together  the flour, cinnamon,baking powder, baking soda and salt. Sift half the dry  ingredients into the sugar-oil mixture and blend."", ""Alternately, sift in the rest of the dry ingredients while adding the eggs, one by one.  Combine well."", ""Add  the carrots, raisins, and pecans."", ""Pour into the prepared tube pan and bake for  70 minutes."", ""Cool upright on a cooling rack  If you fare not using the cake that day it can be removed from the pan,wrapped in plastic and stored at room temp."", ""Cheese Cream Filling Cream the butter well."", ""Add the cream cheese and beat until  blended."", ""Sift in the sugar and add the vanilla."", ""If it is to soft to spread,  chill a bit.Chill if not using immediately, but bring to room Temp."", ""before  spreading."", ""Assembly Preheat oven to 300 F."", ""Spread the coconut on a baking  sheet and bake for 10-15 minutes until it colors lightly."", ""Toss the coconut  occasionally  while it is baking so that it browns evenly  Cool completely."", ""Have the filling and the frosting at a spreadable consistency."", ""Loosen the cake  in it""s pan and invert onto a serving plate.  With a long serving knife,  carefully split the cake into three horizontal layers."", ""Spread the filling  between the Layers."", ""Spread the frosting over the top and sides."", ""Pat the  coconut onto the sides of the cake.  If desired, save 1/2 cup of the frosting  and color 1/2  with green food coloring 1/2 with orange, pipe on the top to form little carrots""]",16.0,1 (246 g),"[""weeknight"", ""time-to-make"", ""course"", ""main-ingredient"", ""cuisine"", ""preparation"", ""north-american"", ""for-large-groups"", ""low-protein"", ""desserts"", ""vegetables"", ""american"", ""oven"", ""cakes"", ""dietary"", ""low-in-something"", ""equipment"", ""number-of-servings"", ""4-hours-or-less""]"
455389,Molho De Piri Piri Grilled Chicken,"An dish with origins in Africa.  Flare-ups, of course, are inevitable.  To avoid charring your food beyond recognition, move it to a cooler corner of the grill or adjust the flame.  Recipe loosely adapted from the Urban Griller.  Time not included for the advance making of the Piri Piri sauce.","[""molho piri piri"", ""paprika"", ""garlic cloves minced"", ""fresh hot chili peppers chopped bird eye red chili"", ""lemon juice lime juice"", ""oil"", ""red wine vinegar"", ""cayenne pepper dried chili pepper flakes"", ""minced fresh garlic"", ""paprika smoked paprika"", ""dried oregano fresh oregano""]","[""3/4  cup   molho de piri-piri (see recipe below)"",""1   teaspoon    paprika"",""2       garlic cloves, minced "",""1/2  teaspoon    salt"",""1       orange, cut into small segments, rind and pithy strings removed "",""1       fryer"",""2 -3      fresh hot chili peppers, chopped  (bird\u0027s eye or other red chili)"",""4   tablespoons    lemon juice or 4   tablespoons    lime juice"",""5   tablespoons    oil"",""1/2  cup    red wine vinegar"",""1   tablespoon    cayenne pepper or 1   tablespoon    dried chili pepper flakes"",""1   tablespoon   minced fresh garlic"",""1   tablespoon    paprika (preferably smoked paprika)"",""1   teaspoon    salt"",""1   teaspoon    dried oregano or 1   tablespoon    fresh oregano""]","[""In a blender, mix together the first 5 ingredients, then set aside."", ""Place the chicken breast side down.  Using poultry shears, cut along one side of the backbone, then the other.  Discard the bone or use it for stock.  Turn the chicken breast side up, open and press down firmly with the palm of your hand to flatten.  Then using a mallet, pound the chicken to flatten further.  Place chicken in a flat dish (or resealable food-safe plastic bag) and coat with marinade.  Cover and marinate for several hours or overnight in the refrigerator.  Remove the chicken from the refrigerator and let it return to room temperature."", ""Meanwhile, heat a gas BBQ or charcoal grill to a medium heat.  Getting your grill hot prior to placing the chicken is important.  Baste the chicken with some of the reserved marinade then place it breast side down on the grill and cook until the skin is a deep brown and shows grill marks, about approximately 15-20 minutes Flip and repeat, for about another 15-20 minutes.  Brush liberally additional sauce onto the Piri Piri chicken in the last 15 minutes of cooking and serve with remaining sauce ."", ""To Make Molho de Piri Piri:  Remove the stems from the chilis. Place all the ingredients (including the seeds) in a food processor and purée. Pour the mixture into a small glass jar and let steep for at least 24 hours, preferably 1 week, in the refrigerator.  The Sauce will keep for 1 month.  Shake well before using.""]",1.0,1 (1429 g),"[""time-to-make"", ""course"", ""main-ingredient"", ""cuisine"", ""preparation"", ""main-dish"", ""poultry"", ""african"", ""1-day-or-more"", ""chicken"", ""meat"", ""whole-chicken"", ""grilling"", ""technique""]"
339949,Orange Jello Cake,"This was my moms recipe and when she pasted my dad gave it to me. This cake is super moist and not overly sweet. Great with a glass of water, milk, or warm cup of coffee.","[""yellow cake mix"", ""Jell - O"", ""vegetable oil"", ""orange juice""]","[""18   ounces    yellow cake mix"",""4       eggs"",""3   ounces    orange Jell-O"",""2/3  cup    vegetable oil"",""2/3  cup    water"",""1/4  cup    orange juice"",""1/2  cup    sugar""]","[""Preheat oven 350°F Grease and flour Bundt pan."", ""CAKE:."", ""Mix all ingredients together. Pour into Bundt pan. Bake 40-60 minutes Test cake after 40 mins by inserting a toothpick; if toothpick is clean then cake is done. If toothpick is not clean cook additional 10-20 minutes Test again. Let cake cool 10 mins then invert on plate."", ""GLAZE:."", ""Mix together. Pour glaze over warm inverted cake.""]",10.0,1 (105 g),"[""60-minutes-or-less"", ""time-to-make"", ""course"", ""main-ingredient"", ""preparation"", ""occasion"", ""gelatin"", ""desserts"", ""fruit"", ""easy"", ""kid-friendly"", ""cakes"", ""dietary"", ""inexpensive"", ""citrus"", ""oranges"", ""brunch"", ""taste-mood"", ""to-go""]"
315712,Southwestern Avocado Salsa,A salsa recipe that is delicious with many different foods.,"[""avocados"", ""tomatoes"", ""white shoepeg corn"", ""black beans"", ""green onion"", ""fresh cilantro chopped"", ""fresh lime juice""]","[""2       avocados, diced "",""2       tomatoes, diced "",""2 (12   ounce) cans   white shoepeg corn, drained "",""2 (14   ounce) cans   black beans, drained "",""1/4  cup    green onion, chopped "",""1/4  cup    fresh cilantro, chopped "",""2   tablespoons    fresh lime juice""]","[""Combine shoepeg corn and black beans in a medium-sized bowl."", ""Add the tomato, avocado, green onion, and cilantro to the blackbean and corn mixture."", ""Fold the ingredients together, refraining from smashing the avocados."", ""Pour the fresh lime juice over the salsa."", ""Serve with tortilla chips, or on fish or burgers.""]",4.0,1 (326 g),"[""15-minutes-or-less"", ""time-to-make"", ""course"", ""main-ingredient"", ""preparation"", ""healthy"", ""appetizers"", ""beans"", ""vegetables"", ""vegan"", ""vegetarian"", ""dips"", ""dietary"", ""low-sodium"", ""low-cholesterol"", ""low-saturated-fat"", ""low-calorie"", ""black-beans"", ""healthy-2"", ""low-in-something"", ""corn""]"
500480,Hoisin-Orange Halibut Steak Packets,"Use other types of fish if halibut is too scarce or too expensive. Adapted from ""Living the G. I Diet"".","[""baby bok choy"", ""fresh shiitake mushrooms oil"", ""red bell pepper"", ""garlic cloves"", ""canola oil"", ""black pepper"", ""halibut steaks"", ""hoisin sauce"", ""grated orange zest"", ""fresh orange juice"", ""chopped parsley""]","[""4   heads    baby bok choy, coarsely chopped "",""8   ounces    fresh shiitake mushrooms, stemmed, sliced, and sauteed in a small amount of oil for 2 minutes "",""1       red bell pepper, sliced "",""2       garlic cloves, slivered "",""2   teaspoons    canola oil"",""1/4  teaspoon    salt"",""1/4  teaspoon    black pepper"",""2       halibut steaks (4 to 5 oz. each)"",""1/4  cup    hoisin sauce"",""1   teaspoon   grated orange zest"",""1/4  cup    fresh orange juice"",""1   tablespoon   chopped parsley""]","[""Preheat an outdoor grill or preheat oven to 425 degrees Fahrenheit."", ""Combine the bok choy, sauteed mushrooms, bell pepper, garlic, oil, and seasonings in a medium sized bowl. Toss to combine and divide the vegetables between 2 very large pieces of aluminum foil, keeping it on one half of the sheet. Top each portion with a halibut steak."", ""In a small bowl, whisk together the remaining ingredients. Drizzle this over the halibut steaks. fold the empty half of the foil sheet over the filled side and seal to form packets. Place the packets on a baking sheet and into the oven, or place them directly on a hot grill. Cook for 20 minutes until packets puff slightly. Vegetables should be tender and fish should flake easily but not be dry.""]",2.0,1 (736 g),"[""weeknight"", ""60-minutes-or-less"", ""time-to-make"", ""course"", ""main-ingredient"", ""preparation"", ""occasion"", ""for-1-or-2"", ""healthy"", ""main-dish"", ""seafood"", ""easy"", ""diabetic"", ""low-fat"", ""fish"", ""dietary"", ""low-saturated-fat"", ""low-calorie"", ""low-carb"", ""low-in-something"", ""number-of-servings"", ""3-steps-or-less""]"
90114,Strawberry and Warm Chicken Salad,"I walked into Marshall Field's looking for a set of knives and smelled the demo lady cooking this. Oh, my, it smelled so good. Took a copy of the recipe and made it for dinner. Well, it was good. I used raspberry vinegar and prepackaged greens (approx 7 1/2 C).","[""red wine vinegar raspberry vinegar"", ""soy sauce"", ""cloves garlic minced"", ""grated ginger"", ""salt pepper"", ""fresh strawberries"", ""olive oil"", ""boneless skinless chicken breasts"", ""green onions"", ""chopped walnuts"", ""cheese"", ""strawberry garnish""]","[""1/2  cup    red wine vinegar or 1/2  cup    raspberry vinegar"",""1/2  cup    honey"",""2   tablespoons    soy sauce"",""2   cloves    garlic, minced "",""1   tablespoon   freshly grated ginger"",""  salt and pepper, to taste "",""8   cups    mixed greens"",""1   pint    fresh strawberries, hulled and halved "",""1   tablespoon    butter"",""1   tablespoon    olive oil"",""4       boneless skinless chicken breasts, cut into strips "",""3 -4       green onions, roughly chopped "",""1/2  cup   chopped walnuts"",""  blue cheese, to taste  (garnish)"",""  strawberry (garnish)""]","[""In a small bowl, combine dressing ingredients, mix and set aside."", ""In medium-large skillet, melt butter with olive oil."", ""Add chicken and saute on medium-high heat until no longer pink, about 4 minutes."", ""Add half of the dressing and cook 30 seconds."", ""Add the halved berries and cook 30 seconds, until heated through."", ""Spoon chicken, onions and berries over the greens."", ""Sprinkle with walnuts."", ""Garnish with cheese and whole berries, if desired."", ""Serve remaining half of the dressing on the side.""]",4.0,1 (367 g),"[""30-minutes-or-less"", ""time-to-make"", ""course"", ""main-ingredient"", ""preparation"", ""occasion"", ""salads"", ""fruit"", ""poultry"", ""vegetables"", ""easy"", ""chicken"", ""berries"", ""strawberries"", ""meat"", ""chicken-breasts"", ""greens"", ""brunch""]"
250990,"Rotini Pasta With Smoked Ham, Vegetables and 3 Cheeses",From the Jamaica Inn in Dunedin (near Tampa). I like to use 3-color rotini to add a little more color.,"[""rotini pasta"", ""smoked ham julienned"", ""carrot"", ""zucchini"", ""mushroom"", ""whipping cream"", ""swiss cheese"", ""cheddar cheese grated"", ""parmesan cheese"", ""nutmeg""]","[""12   ounces    rotini pasta"",""1/4  cup    butter"",""1/4  lb    smoked ham, julienned "",""1   large    carrot, julienned "",""1   small    zucchini, julienned "",""1/2  cup    mushroom, sliced "",""1   cup    whipping cream"",""1/2  cup    swiss cheese, grated "",""1/2  cup    cheddar cheese, grated "",""1/4  cup    parmesan cheese, grated "",""1   pinch    nutmeg""]","[""Cook pasta in large pot of boiling water until tender but still firm to bite."", ""Meanwhile, melt butter in heavy large skillet over medium heat."", ""Add ham, carrot zucchini, and mushrooms; saute until vegetables are crisp-tender, about 3 minutes."", ""Add cream and simmer until slightly thickened, about 3 minutes."", ""Combine cheeses in small bowl."", ""Add to sauce by handfuls, stirring until melted after each addition."", ""Stir in nutmeg."", ""Drain pasta."", ""Add to sauce and toss to coat."", ""Transfer pasta and sauce to large bowl."", ""Sprinkle with additional parmesan cheese and parsley and serve.""]",4.0,1 (284 g),"[""ham"", ""60-minutes-or-less"", ""time-to-make"", ""course"", ""main-ingredient"", ""preparation"", ""main-dish"", ""pork"", ""one-dish-meal"", ""meat""]"
93110,Watermelon Cooler,I just found they now sell watermelon vodka. So of course I had to make something with it.This drink is refreshing and pretty.,"[""watermelon"", ""smirnoff watermelon vodka"", ""grenadine"", ""ice cubes"", ""watermelon wedges""]","[""2   cups    watermelon, well chilled "",""4   fluid ounces   smirnoff watermelon vodka, frozen "",""1/3  cup    grenadine"",""16       ice cubes"",""4   small    watermelon wedges (to garnish)""]","[""Mix all but the garnish in a blender till slushy."", ""Pour into 4 chilled glasses and garnish with wedges on melon.""]",4.0,1 (215 g),"[""15-minutes-or-less"", ""time-to-make"", ""course"", ""main-ingredient"", ""cuisine"", ""preparation"", ""north-american"", ""5-ingredients-or-less"", ""beverages"", ""fruit"", ""american"", ""southern-united-states"", ""easy"", ""cocktails"", ""dietary"", ""melons"", ""3-steps-or-less""]"
155711,Simple Potato Salad,"Simple, but effective hunger stopper... This elegant dish has graced the tables of family reunions, picnics, barbeques, and everywhere else imaginable...","[""potatoes"", ""yellow onion"", ""mayonnaise"", ""sweet relish"", ""paprika""]","[""4   large    baking potatoes"",""1/4     white or yellow onion"",""2   large    eggs"",""1/2  teaspoon    salt"",""1/3  cup    mayonnaise"",""4   ounces    sweet relish"",""  paprika""]","[""Boil the potatoes until they are done but not overcooked. I use the test here where I stick the fork in and it meets a little resistance but not too much. How long you boil them depends upon how big they are. You do want the potatoes done though since no further cooking is involved. If you overcook them, they don""t really hurt the recipe since the extra potatoes just mixes in with the creamy portion of the mixture."", ""Boil the eggs over medium high heat until hard-boiled. Allow the potatoes and eggs to cool. You can run cold water over them in a strainer to speed up the process."", ""Peel the potatoes and then slice into chunks. If you aim for 1 inch by 1-inch chunk you will do well."", ""Peel and slice the egg into ½ inch pieces."", ""Chop the onion into very small pieces. I made this optional because you WILL be able to smell the onion on your breath. Therefore, if a little close contact is planned anytime soon you probably want to leave the onion out."", ""Stir all ingredients gently except for the paprika."", ""After ingredients are well mixed, pour into a bowl. Add the paprika across the top. Store in the refrigerator until ready to serve.""]",10.0,1 (84 g),"[""60-minutes-or-less"", ""time-to-make"", ""course"", ""preparation"", ""occasion"", ""low-protein"", ""healthy"", ""salads"", ""potluck"", ""picnic"", ""dietary"", ""low-saturated-fat"", ""brown-bag"", ""low-in-something"", ""to-go"", ""camping""]"
323922,Beef Tips over Noodles,a great beef vegetable dish with excellent flavor.,"[""flour"", ""flour"", ""beef"", ""fresh mushrooms"", ""fresh green onion"", ""red sweet bell pepper"", ""ketchup"", ""beef broth"", ""Worcestershire sauce""]","[""1/2  cup    flour, plus "",""3   tablespoons    flour, divided "",""3   lbs    beef tips"",""1/2  lb    fresh mushrooms, sliced "",""1   bunch   fresh green onion, chopped "",""1   medium    red sweet bell pepper, chopped "",""1/4  cup    ketchup"",""1 (14   ounce) can   beef broth"",""1   tablespoon    Worcestershire sauce""]","[""In a large bowl, coat beef tips with 1/2 cup flour and transfer to slow cooker sprayed with vegetable cooking spray."", ""Add mushrooms, onion, bell pepper, ketchup, beef broth, worcestershire sauce, and salt and pepper to taste if desired."", ""Cover and cook on low for 8-9 hours, about 1 hour before serving, turn heat to high."", ""In a small bowl, combine remaining flour with 1/4 cup water, stir in slow cooker an cook until liquid thickens."", ""Serve over hot buttered noodles.""]",6.0,1 (171 g),"[""course"", ""main-ingredient"", ""preparation"", ""occasion"", ""main-dish"", ""beef"", ""vegetables"", ""dinner-party"", ""dietary"", ""low-carb"", ""mushrooms"", ""low-in-something"", ""meat"", ""taste-mood"", ""presentation""]"
308054,Apple Jack Ham Glaze,i like to use this recipe on cooked ham and ham steaks done on the bbq.  also could be done on indoor grill. i used this recipe when i found the skewers i made were drying out waiting for the company to show up.  i would like to try it on a tenderloin soon.,"[""apple juice"", ""minced garlic cloves"", ""applesauce"", ""pepper"", ""Jack Daniels""]","[""1   cup    apple juice"",""2   tablespoons    minced garlic cloves"",""1/4  cup    applesauce"",""2   tablespoons    honey"",""1   teaspoon    cracked pepper"",""2   ounces    Jack Daniels Whiskey""]","[""blend all ingredients in a bowl till honey is mixed inches use for hams and roasts.""]",1.0,1 (429 g),"[""ham"", ""15-minutes-or-less"", ""time-to-make"", ""course"", ""main-ingredient"", ""preparation"", ""low-protein"", ""healthy"", ""sauces"", ""condiments-etc"", ""fruit"", ""pork"", ""oven"", ""barbecue"", ""easy"", ""roast"", ""beginner-cook"", ""low-fat"", ""marinades-and-rubs"", ""dietary"", ""low-sodium"", ""low-cholesterol"", ""low-saturated-fat"", ""low-calorie"", ""healthy-2"", ""low-in-something"", ""apples"", ""meat"", ""equipment"", ""grilling"", ""3-steps-or-less""]"
246512,Chickpea Salad,This is a middle eastern chickpea salad.  It had a lot of pepper which makes the salad.  Red onions add color and make it beautiful to look at.,"[""chickpeas"", ""celery"", ""red onion"", ""parsley"", ""lemon juice"", ""olive oil"", ""white wine vinegar"", ""ground black pepper""]","[""16   ounces    chickpeas, drained and rinsed "",""4   stalks    celery, finely diced "",""1/2      red onion, finely diced "",""1   bunch    parsley, coarsely chopped "",""1/4  cup    lemon juice"",""1/4  cup    olive oil"",""1   tablespoon    white wine vinegar"",""1/2  teaspoon    salt"",""1   teaspoon   finely ground black pepper""]","[""Mix all ingredients together."", ""Allow five minutes for flavors to mix.""]",6.0,1 (99 g),"[""15-minutes-or-less"", ""time-to-make"", ""course"", ""main-ingredient"", ""cuisine"", ""preparation"", ""salads"", ""side-dishes"", ""vegetables"", ""asian"", ""middle-eastern"", ""easy"", ""kosher"", ""vegetarian"", ""dietary"", ""inexpensive"", ""free-of-something"", ""pasta-rice-and-grains"", ""3-steps-or-less""]"
420900,Delicious Orange Chocolate Muffins,This is an adaption of a friend's. My nephew devoured them as they came out of the oven!The frozen butter fully dissolves as it cooks and creates mini pockets of air which provide a light texture.They last well for a couple of days in an air tight container.,"[""flour"", ""baking soda"", ""baking powder"", ""chocolate chips"", ""orange juice"", ""orange juice""]","[""1 1/2  cups    sifted flour"",""1   teaspoon    baking soda"",""1   teaspoon    baking powder"",""7/8  cup    sugar"",""1/4  teaspoon    salt"",""1/2  cup    chocolate chips"",""1      whole orange"",""1/2  cup    orange juice"",""1       egg"",""1/2  cup    butter"",""1/4  cup    sugar"",""2   tablespoons    orange juice""]","[""Set 12 cup cake liners in a muffin pan."", ""Preheat oven to 400°F."", ""Put butter in freezer."", ""Mix dry ingredients in a bowl EXCEPT for chocolate chips."", ""Cut orange into pieces and blend with orange juice."", ""Take butter out of the freezer and shred it. Put shredded butter back in the freezer for 1 minute."", ""Add egg to wet mixture and mix well."", ""Add frozen shredded butter to wet mixture and blend until amalgamated but still with bits."", ""Add wet mixture to dry mixture and mix till amalgamated. Do not overmix or the butter will melt."", ""Fold in the chocolate chips."", ""Divide batter among the 12 cups."", ""Bake for 15 minute"", ""Turn pan around (180 degrees) and bake for another 3 minute."", ""Take muffins out of the tin and place on a rack."", ""Mix Topping and spread over the tops."", ""Let rest for 5 to 10 minute."", ""Enjoy!""]",12.0,1 (79 g),"[""60-minutes-or-less"", ""time-to-make"", ""course"", ""cuisine"", ""preparation"", ""occasion"", ""desserts"", ""lunch"", ""snacks"", ""european"", ""picnic"", ""gifts"", ""inexpensive"", ""taste-mood"", ""to-go"", ""camping""]"
46241,Oatmeal and Apple Butter Bars,"This is one of my newly adopted recipes.  I tossed this together tonight while fixing dinner.  Very quick and easy dessert.  I used regular apple butter, but no added sugar apple butter could be used as well.","[""oats"", ""all"", ""cinnamon"", ""butter margarine"", ""apple butter""]","[""2   cups    old fashioned oats"",""1   cup    all-purpose flour"",""3/4  cup    sugar"",""1/4  teaspoon    salt"",""1/2  teaspoon    ground cinnamon"",""3/4  cup    butter or 3/4  cup    margarine, softened to room temperature "",""1   cup    apple butter""]","[""Heat oven to 350 degrees."", ""Grease 9-inch square baking pan with nonstick cooking spray."", ""In large bowl, combine oats, flour, sugar, salt and cinnamon."", ""Add butter and beat with electric mixer on low until mixture is crumbly."", ""Pat half of the mixture, about 2 cups into baking pan."", ""Spread apple butter evenly over crumb layer."", ""Sprinkle remaining crumbs over apple butter and press down gently."", ""Bake 30-35 minutes or until golden."", ""Transfer pan to wire rack and cool completely."", ""Cut into 16 bars.""]",1.0,1 (892 g),"[""60-minutes-or-less"", ""time-to-make"", ""course"", ""main-ingredient"", ""preparation"", ""desserts"", ""fruit"", ""easy"", ""kid-friendly"", ""cookies-and-brownies"", ""bar-cookies"", ""dietary"", ""apples"", ""number-of-servings""]"
323121,Banana Macadamia Nut Bread (Abm),"This recipe was in the book that came with my bread-maker, lovely served with cream cheese and a large mug of coffee!","[""plain flour"", ""margarine"", ""bananas"", ""macadamia nuts chopped""]","[""2 1/2  teaspoons    dry yeast"",""3 1/4  cups    plain flour"",""3   tablespoons    sugar"",""1/2  teaspoon    salt"",""1       egg"",""2   tablespoons    margarine"",""2   medium    bananas, mashed "",""1/2  cup    water"",""1/2  cup    macadamia nuts, chopped ""]","[""Add all ingredients (except macadamias) to your bread-maker in the order as per your instruction manual."", ""Select sweet bread option &amp; crust light and large loaf setting, press start."", ""When your machine is ready for add-ins (mine beeps) add the macadamias.""]",1.0,1 (956 g),"[""time-to-make"", ""course"", ""main-ingredient"", ""cuisine"", ""preparation"", ""occasion"", ""south-west-pacific"", ""healthy"", ""breads"", ""lunch"", ""fruit"", ""australian"", ""bread-machine"", ""easy"", ""kid-friendly"", ""dietary"", ""yeast"", ""tropical-fruit"", ""bananas"", ""to-go"", ""equipment"", ""small-appliance"", ""3-steps-or-less"", ""4-hours-or-less""]"
182472,Cucumber Yogurt Sauce,"One of my friends showed me how to make this. I don't know where she found the recipe, but it's good as a veggie dip, condiment for spicy veggie, stews, or on falafel. This is good for 2-3 days in the fridge, and it at it's peak on day 2.","[""fresh cilantro chopped"", ""cucumber"", ""red onion"", ""Greek yogurt""]","[""1/2  cup    fresh cilantro, chopped "",""1/2  cup    cucumber, peeled, seeded, diced "",""1/2      red onion, finely chopped "",""1   cup    Greek yogurt, plain ""]","[""Mix all ingredients in a bowl."", ""Cover and chill for 1 hour (This is your cooking time)."", ""Enjoy!""]",8.0,1 (14 g),"[""time-to-make"", ""course"", ""main-ingredient"", ""preparation"", ""5-ingredients-or-less"", ""sauces"", ""lunch"", ""condiments-etc"", ""snacks"", ""eggs-dairy"", ""easy"", ""savory-sauces"", ""3-steps-or-less"", ""4-hours-or-less""]"
10368,Stuffed Spaghetti Squash,This is a great recipe for summer. Serve with a salad and garlic bread. Great summer recipe!!!,"[""spaghetti squash"", ""tomatoes"", ""onions chopped"", ""cloves garlic minced"", ""zucchini chopped"", ""bell peppers chopped"", ""eggplant"", ""chopped fresh herb tarragon basil parsley oregano chopped"", ""olive oil"", ""salt pepper"", ""cayenne pepper"", ""grated parmesan cheese""]","[""2       spaghetti squash, cut in half and de seeded "",""4       tomatoes, diced "",""2       onions, chopped "",""4   cloves    garlic, minced "",""2   medium    zucchini, chopped "",""2       bell peppers, chopped "",""1   small    eggplant, peeled and diced "",""3/4  cup   chopped fresh herb (like tarragon, basil, parsley and oregano chopped)"",""1/2  cup    olive oil"",""  salt and pepper"",""  cayenne pepper"",""1   cup   grated parmesan cheese""]","[""Toss together all ingredients except cheese and stuff into squash halves."", ""Feel free to omit or add any veg that you want."", ""Wrap each stuffed squash in foil--you will want the steam--and bake in a 375 oven for about 1 hour."", ""Remove foil carefully-test squash with a knife and if done top with parmesan cheese and broil for 3-5 minutes."", ""Serve with a salad and garlic bread.""]",4.0,1 (679 g),"[""weeknight"", ""time-to-make"", ""course"", ""main-ingredient"", ""cuisine"", ""preparation"", ""north-american"", ""lunch"", ""main-dish"", ""vegetables"", ""american"", ""oven"", ""dietary"", ""equipment"", ""4-hours-or-less""]"
48737,Wild Rice Soup,"I had something similar to this at a Bunco group and it is oh, so tasty! I searched and searched for the recipe and finally found this one somewhere on the Internet (I think). It is not for the diet conscious.","[""wild rice"", ""chicken broth"", ""bacon"", ""onion"", ""canned sliced mushrooms"", ""condensed cream potato soup"", ""water""]","[""1   cup    wild rice"",""3   cups    chicken broth"",""1   lb    bacon, cut into small pieces "",""1       onion, chopped "",""1   pint    half-and-half"",""1   cup   canned sliced mushrooms, drained "",""1 (2   ounce) can   condensed cream of potato soup"",""1 (1   ounce) jar   Cheez Whiz"",""2   cups    water""]","[""Heat oven to 350 degrees."", ""Place rice and broth in casserole dish."", ""Bake, covered for 1 1/2-2 hours."", ""(This should make about 3 c. of rice)."", ""Fry bacon until crisp in a Dutch oven or large saucepan."", ""Drain off most of the grease and saute onion in rest of grease."", ""Add half&amp; half, mushrooms, potato soups, cooked rice, cheese and the 2 cups of water."", ""Heat thoroughly over low heat until hot."", ""It freezes well!""]",1.0,1 (2569 g),"[""weeknight"", ""time-to-make"", ""course"", ""cuisine"", ""preparation"", ""north-american"", ""soups-stews"", ""american"", ""dietary"", ""low-carb"", ""midwestern"", ""low-in-something"", ""number-of-servings"", ""4-hours-or-less""]"
235622,Sweet Dessert Panini,Just saw this on Paula's Home cooking with Paul Deen.,"[""chocolate hazelnut"", ""white bread"", ""bananas"", ""marshmallows"", ""sugar""]","[""1   cup    chocolate hazelnut spread"",""8   slices    white bread, cut 1/2-inch thick "",""2       bananas, sliced lengthwise "",""16       marshmallows, cut in halves "",""  butter, softened "",""  powdered sugar, for dusting ""]","[""Preheat the grill to medium-low."", ""Heat hazelnut spread, so that it lightly coats the back of a spoon."", ""Spread all slices of bread with a thin layer of hazelnut spread."", ""Apply banana slices to 4 pieces of bread and marshmallows to the remaining 4 pieces."", ""Take 1 slice of bread with banana, and 1 with marshmallows and press them together, making a sandwich. Repeat."", ""Apply a light layer of butter to each side of the sandwiches."", ""Place each sandwich on the pre-heated grill for 2 minutes per side."", ""Once cooked, cut each sandwich in half on the diagonal."", ""Put sandwiches on a platter and dust with powdered sugar.""]",1.0,1 (844 g),"[""15-minutes-or-less"", ""time-to-make"", ""preparation"", ""dietary"", ""low-sodium"", ""low-in-something""]"
435924,Frozen Fruit Bites,From Family Fun Magazine - Cooking time is freezing time,"[""vanilla wafer cookies"", ""vanilla yogurt"", ""cream cheese"", ""lemon juice"", ""kiwi"", ""strawberry"", ""blueberries""]","[""12       vanilla wafer cookies"",""1/2  cup    vanilla yogurt"",""1/2  cup    cream cheese, softened "",""1   teaspoon    lemon juice"",""1   teaspoon    honey"",""  kiwi, sliced "",""  strawberry, sliced "",""  blueberries""]","[""Place liners in a mini-cupcake pan."", ""Put a wafer cookie, flat side up, in the bottom of each well."", ""In a medium-size bowl, whisk together the yogurt, cream cheese, lemon juice, and honey until smooth."", ""Spoon 1 heaping tablespoon on top of each cookie, then top the mixture with the fruit."", ""Cover the pan with plastic wrap, then place it in the freezer until the fruit bites are firm, about 1 to 1-1/2 hours."", ""Remove the tray from the freezer for 15 to 25 minutes before serving."", ""Serves 12.""]",12.0,1 (38 g),"[""time-to-make"", ""course"", ""main-ingredient"", ""preparation"", ""occasion"", ""pies-and-tarts"", ""tarts"", ""desserts"", ""fruit"", ""easy"", ""beginner-cook"", ""dinner-party"", ""holiday-event"", ""kid-friendly"", ""dietary"", ""low-sodium"", ""toddler-friendly"", ""low-in-something"", ""berries"", ""blueberries"", ""strawberries"", ""tropical-fruit"", ""kiwifruit"", ""brunch"", ""4-hours-or-less""]"
144141,Grape Muffins,"This is a great and tasty muffin. Personaly i think they are best when they are frozen. From the ""Breasts of Friends"" cookbook-(my favorite!)Tip:You can extend the season of grapes by freezing them in 1 1/2 cup batches and throwing them into the batter frozen.","[""baking powder"", ""milk"", ""vanilla"", ""butter margarine"", ""red seedless grapes""]","[""2 1/2  cups    flour"",""1   cup    sugar"",""2 1/2  teaspoons    baking powder"",""1   cup    milk"",""1   teaspoon    vanilla"",""2       eggs, well beaten "",""1/2  cup    butter or 1/2  cup    margarine, melted "",""1 1/2  cups    red seedless grapes, cut into pieces ""]","[""Preheat oven to 375°F Line 12 Muffins tins with paper cups."", ""Combine flour, sugar, and baking powder. Make a well in the center."", ""Add milk, eggs, butter and vanilla."", ""Stir until ingredients are combined. Lightly fold in grapes."", ""Bake 25 minutes or until golden brown on top, Cool in pan.""]",12.0,1 (100 g),"[""60-minutes-or-less"", ""time-to-make"", ""course"", ""main-ingredient"", ""preparation"", ""occasion"", ""breads"", ""breakfast"", ""fruit"", ""fall"", ""rolls-biscuits"", ""dietary"", ""seasonal"", ""berries"", ""grapes""]"
530669,Potato Soup,potato soup,"[""olive oil"", ""onion minced"", ""garlic clove minced"", ""large potatoes"", ""chicken broth"", ""dried parsley flakes"", ""flour"", ""milk"", ""shredded cheddar cheese"", ""sour cream"", ""cheddar cheese green onion bacon""]","[""1   tablespoon    olive oil"",""1   medium    onion, minced "",""1       garlic clove, minced "",""5   large    potatoes, washed and cubed "",""2 (15   ounce) cans   chicken broth"",""1/2  cup    water"",""1   teaspoon    dried parsley flakes"",""1   teaspoon    salt"",""1/2  teaspoon    pepper"",""3   tablespoons    butter"",""3   tablespoons    flour"",""1 1/2  cups    milk (I used 2%)"",""1   cup    shredded cheddar cheese"",""1   cup    sour cream"","" additional cheddar cheese, green onion, bacon ""]","[""Heat oil in a large stockpot or dutch oven and saute onion for 5 minutes. Add garlic and cook for another 2 minutes. Add potatoes, broth and water, and bring to a boil. Reduce heat to medium and cook about 20 minutes, or until potatoes are tender. Remove 2 cups of potatoes and set aside. Mash the remaining potatoes with a potato masher right in the pot."", ""In a small saucepan, melt the 3 tablespoons butter. Stir in the flour and cook for 2 minutes. Whisk in milk. Bring to a boil and allow mixture to simmer until thickened. Stir mixture into your stockpot withe the mashed potatoes."", ""Bring to a boil and reduce heat to a low simmer. Stir reserved cubed potatoes back into the pot."", ""Stir in parsley, cheese, and sour cream. Season to taste with salt and pepper.""]",4.0,1 (946 g),"[""30-minutes-or-less"", ""time-to-make"", ""course"", ""preparation"", ""low-protein"", ""soups-stews"", ""dietary"", ""low-calorie"", ""low-in-something""]"
405205,Miso Ginger Chicken and Cabbage,Food & Wine May 09,"[""miso"", ""garlic cloves minced"", ""sesame oil"", ""chicken stock low - sodium broth"", ""vegetable oil"", ""chicken thighs"", ""salt freshly ground black pepper"", ""shiitake mushroom"", ""minced ginger"", ""napa cabbage"", ""daikon radishes"", ""scallions""]","[""3   tablespoons    light miso"",""2       garlic cloves, minced "",""1   teaspoon    sesame oil"",""3/4  cup    chicken stock or 3/4  cup   low-sodium broth"",""3   tablespoons    vegetable oil"",""1 1/4  lbs    chicken thighs (skinless, boneless and cut into 1 1/2-inch pieces)"",""  salt \u0026 freshly ground black pepper"",""1/2  lb    shiitake mushroom, caps quartered "",""2   tablespoons    minced ginger"",""3/4  lb    napa cabbage, coarsely chopped  (4 cups)"",""3   ounces    daikon radishes, peeled and thinly sliced  (1/2 cup)"",""2       scallions, thinly sliced ""]","[""In a bowl, whisk the miso, garlic, sesame oil and 1/2 cup of the stock. In a large skillet, heat the vegetable oil."", ""Add the chicken, season with salt and pepper and cook over high heat until just cooked through, 4 minutes; using a slotted spoon, transfer to a plate."", ""Add the shiitake, ginger and the remaining stock to the skillet. Cover and cook over moderate heat until the shiitake are tender, 2 minutes."", ""Add the cabbage and chicken and stir-fry over high heat for 1 minute. Add the miso sauce and bring to a simmer."", ""Stir in the daikon and scallions. Transfer to bowls and serve.""]",4.0,1 (373 g),"[""30-minutes-or-less"", ""time-to-make"", ""preparation""]"
441711,"Roasted Red Onions With Pomegranate, Orange, and Parsley Gremola","From Bon Appetit, November 2010.","[""extra virgin olive oil"", ""pomegranate molasses"", ""red wine vinegar"", ""minced fresh rosemary"", ""kosher"", ""black pepper"", ""red onions"", ""fresh pomegranate seeds"", ""chopped fresh Italian parsley"", ""grated orange peel""]","[""5   tablespoons   extra-virgin olive oil"",""1/4  cup    pomegranate molasses"",""2   tablespoons    red wine vinegar"",""1   tablespoon   minced fresh rosemary"",""2   teaspoons   coarse kosher salt"",""1/2  teaspoon    black pepper"",""5   medium    red onions, peeled, each cut into 8 wedges through core, with some core still attached to each piece "",""2/3  cup   fresh pomegranate seeds"",""1   tablespoon   chopped fresh Italian parsley"",""2   teaspoons   finely grated orange peel""]","[""Onions:  Position rack in center of oven and preheat to 425°F Line large rimmed baking sheet with foil. Whisk first 6 ingredients in large bowl. Add onions; toss gently. Arrange onions close together, 1 cut side down, on baking sheet; spoon juices from bowl over. Roast 30 minutes. Using small spatula, carefully turn onions over. Continue to roast onions until tender and thickly coated with glaze, watching to prevent overbrowning, 25 to 28 minutes longer. Remove from oven. (DO AHEAD Can be made 3 hours ahead. Let stand on baking sheet at room temperature. Rewarm in 350°F oven before serving, if desired.)."", ""Gremolata:  Mix pomegranate seeds, parsley, and orange peel in small bowl."", ""Arrange warm or room-temperature onions on platter. Sprinkle gremolata over and serve.""]",8.0,1 (78 g),"[""time-to-make"", ""course"", ""main-ingredient"", ""cuisine"", ""preparation"", ""occasion"", ""north-american"", ""side-dishes"", ""vegetables"", ""easy"", ""dinner-party"", ""holiday-event"", ""christmas"", ""new-years"", ""thanksgiving"", ""onions"", ""3-steps-or-less"", ""4-hours-or-less""]"
442599,Cranberry Citrus Salad,"This is a bright, fresh-tasting, crunchy salad with a hint of cinnamon which was inspired by a salad Jewel used to supply with their Turkey dinner packages up to a few years ago.","[""fresh cranberries"", ""boiling water"", ""raspberry gelatin"", ""lemon"", ""tart apples chopped"", ""chopped walnuts"", ""mandarin oranges"", ""cinnamon""]","[""2   cups    fresh cranberries"",""1 1/2  cups    boiling water"",""1/3  cup    sugar"",""3   ounces   raspberry gelatin"",""1       orange, zest of"",""1/2      lemon, zest of"",""1/2      orange"",""1/4      lemon"",""2   medium   sized tart apples, chopped "",""1   cup   chopped walnuts"",""11   ounces    mandarin oranges, drained and diced "",""1   teaspoon    cinnamon""]","[""Chop cranberries in food processor or blender. Pour boiling water into a large bowl, add Jello, sugar and cinnamon. Add cranberries and let sit for about 10 minutes.  Finely blend orange and lemon.  Add this and the rest of the ingredients to the bowl and stir well. Refrigerate until set.""]",8.0,1 (158 g),"[""30-minutes-or-less"", ""time-to-make"", ""course"", ""main-ingredient"", ""cuisine"", ""preparation"", ""occasion"", ""north-american"", ""salads"", ""fruit"", ""american"", ""easy"", ""holiday-event"", ""christmas"", ""thanksgiving"", ""3-steps-or-less""]"
504881,Best Ever Gingerbread,mott again she got it from the brer rabbit molasses   booklet july 1930,"[""baking soda"", ""cinnamon"", ""clove"", ""ginger"", ""molasses"", ""water"", ""whipping cream"", ""molasses"", ""chocolate syrup""]","[""1/2  cup    sugar"",""1/2  cup    butter"",""1       egg"",""2 1/2  cups    flour"",""1 1/2  teaspoons    baking soda"",""1   teaspoon    cinnamon"",""1/4  teaspoon    clove"",""1   teaspoon    ginger"",""1/2  teaspoon    salt"",""1   cup    molasses"",""1   cup    water, hot "",""1/2  cup    whipping cream"",""1   tablespoon    molasses"",""2   tablespoons    chocolate syrup""]","[""cream butter and sugar."", ""add egg sift dry ingredients."", ""add alternately  with water and molasses."", ""put in greased floured 9x13 pan."", ""whip topping put on top before baking(im going to try just a small section on this part there were typos).the booklet doesnt have this im thinking its the whipped topping for after its baked."", ""bake350 oven  35  minutes.""]",1.0,1 (1342 g),"[""60-minutes-or-less"", ""time-to-make"", ""course"", ""cuisine"", ""preparation"", ""occasion"", ""north-american"", ""desserts"", ""heirloom-historical"", ""cakes""]"
142908,Angel Hair Pasta Patties,These delicious little babies are easy to put together and everyone loves them.  My kids couldn't get enough of them when they were growing up.,"[""angel hair pasta"", ""olive oil"", ""carrots julienne"", ""chopped fresh basil leaf"", ""frozen chopped spinach"", ""ricotta cheese"", ""grated parmesan cheese"", ""olive oil"", ""spaghetti sauce""]","[""8   ounces   uncooked angel hair pasta"",""1   teaspoon    olive oil"",""2   cups    carrots, cut into julienne strips "",""1   tablespoon   chopped fresh basil leaf"",""1/4  teaspoon    salt"",""1 (10   ounce) package   frozen chopped spinach, thawed and squeezed to drain "",""2       eggs, slightly beaten "",""1/2  cup    ricotta cheese"",""1/4  cup   grated parmesan cheese"",""1/4  teaspoon    pepper"",""1   teaspoon    olive oil"",""2 1/2  cups    spaghetti sauce, heated ""]","[""Cook and drain pasta."", ""Heat 1 teaspoon oil in skillet over medium heat. Cook carrots, basil, salt and spinach in oil about 2 minutes, stirring occasionally. Remove vegetable mixture from skillet."", ""Mix together cooked pasta, eggs, ricotta cheese, Parmesan cheese and pepper. Heat 1 teaspoon oil in skillet over medium-high heat. Drop pasta mixture by 1/2 cup mounds into the hot oil. Cook patties in oil 6 to 8 minutes, turning after 4 minutes, until golden brown."", ""Top patties with spaghetti sauce and veggies.""]",4.0,1 (225 g),"[""30-minutes-or-less"", ""time-to-make"", ""course"", ""main-ingredient"", ""preparation"", ""main-dish"", ""pasta"", ""dietary"", ""pasta-rice-and-grains""]"
407170,Low Fat Healthy Pumpkin Muffins,"Tasty low fat, high fiber pumpkin muffins","[""canola oil"", ""applesauce"", ""egg"", ""pumpkin"", ""whole wheat flour"", ""baking powder"", ""baking soda"", ""cloves"", ""nutmeg"", ""cinnamon"", ""raisins nuts walnut pecans"", ""brown sugar""]","[""1 1/2  cups    sugar"",""2   tablespoons    canola oil"",""3/4  cup    applesauce"",""2       eggs"",""1       egg white"",""1 1/2  cups    pumpkin"",""1/2  cup    water"",""3   cups    whole wheat flour"",""1 1/2  teaspoons    baking powder"",""1   teaspoon    baking soda"",""1   teaspoon    salt"",""1/2  teaspoon    ground cloves"",""1   teaspoon    nutmeg"",""1   teaspoon    cinnamon"","" raisins and nuts (walnut, pecans)"",""1/4  cup    brown sugar (topping)""]","[""Mix together sugar, oil, applesauce, eggs, pumpkin, and water."", ""In a separate bowl mix flour, baking powder, baking soda, and spices."", ""Using a mixer add the dry ingredients to the first mixture."", ""Add raisins and nuts if desired."", ""Let stand 45-60 min at room temperature."", ""Place into greased muffing tins."", ""Sprinkle brown sugar onto each muffin."", ""Bake in preheated oven at 400 degrees F for 12-15 minutes.""]",24.0,1 (63 g),"[""weeknight"", ""30-minutes-or-less"", ""time-to-make"", ""course"", ""main-ingredient"", ""preparation"", ""occasion"", ""for-large-groups"", ""healthy"", ""breads"", ""kid-friendly"", ""muffins"", ""grains"", ""dietary"", ""low-saturated-fat"", ""quick-breads"", ""low-in-something"", ""pasta-rice-and-grains"", ""number-of-servings""]"
325623,No-Bake Strawberry Cheesecake,"A light and fluffy cheesecake made with cream cheese, granulated sugar, imitation strawberry extract, Cool Whip Whipped Topping, and a prepared vanilla crumb pie crust. Garnish pie with fresh strawberries, or with an easy strawberry sauce (recipe for sauce is included). I found this recipe on the back of the imitation strawberry extract box, and found the recipe for the easy strawberry sauce, at the McCormick website.","[""cream cheese softened"", ""granulated sugar"", ""mccormick imitation strawberry extract"", ""whip frozen whipped topping"", ""prepared vanilla cookie pie crusts"", ""strawberries""]","[""2 (8   ounce) packages   cream cheese, softened "",""1/2  cup    granulated sugar"",""2   tablespoons   mccormick imitation strawberry extract"",""1 (8   ounce) container  cool whip frozen whipped topping, thawed "",""1 (6   ounce)   prepared vanilla cookie pie crusts"",""  fresh strawberries, for garnishing pie ""]","[""In a large bowl beat together, cream cheese, sugar, and extract, with an electric mixer on medium speed, until blended and smooth."", ""Gently stir in the Cool Whip Whipped Topping, then spoon into pie crust."", ""Refrigerate for 3 hours, or until pie is set."", ""Garnish pie with fresh strawberries, or serve with the Easy Strawberry Sauce, if desired.  Store leftover cheesecake in the refrigerator."", ""Easy Strawberry Sauce:  Mix 1/2 cup strawberry jam with 1/4 teaspoon pure vanilla extract, or pure almond extract."", ""Note: You can substitute 1-(6 ounce) prepared graham cracker pie crust, for the vanilla crumb pie crust.""]",8.0,1 (101 g),"[""15-minutes-or-less"", ""time-to-make"", ""course"", ""main-ingredient"", ""cuisine"", ""preparation"", ""occasion"", ""north-american"", ""desserts"", ""eggs-dairy"", ""american"", ""easy"", ""beginner-cook"", ""dinner-party"", ""kid-friendly"", ""cheesecake"", ""dietary"", ""brunch"", ""taste-mood"", ""number-of-servings""]"
136221,Stir Fried Vegetables and Tofu in Black Bean Sauce,"From the Australian Women's Weekly, posted for World Tour 05.","[""hokkien noodles"", ""firm tofu"", ""peanut oil"", ""eggplant"", ""carrot"", ""capsicum"", ""sliced water chestnuts"", ""garlic clove"", ""ginger grated"", ""Broccolini"", ""choy sum"", ""ketjap manis"", ""black bean sauce""]","[""1   lb    hokkien noodles"",""300   g   fresh firm tofu"",""2   tablespoons    peanut oil"",""1       eggplant, cut into thin strips "",""1       carrot, sliced thinly "",""1       red capsicum, sliced thinly "",""1 (230   g) can   sliced water chestnuts, rinsed and drained "",""1       garlic clove, crushed "",""2   teaspoons    ginger, grated "",""250   g    Broccolini, chopped coarsely "",""500   g    choy sum, chopped coarsely "",""2   tablespoons    ketjap manis"",""1/2  cup    black bean sauce""]","[""Place noodles in large heatproof bowl; cover with boiling water. Use fork to seperate noodles; drain."", ""Drain tofu, cut into 12 pieces. Heat half the oil in wok and stir fry tofu in batches until lightly browned. Drain on absorbent paper, cover to keep warm."", ""Heat half the remaining oil in same wok; stir fry eggplant til soft. Add carrot, capsicum and water chestnuts; stir fry until veggies are just tender and remove from wok."", ""Heat remaining oil; stir fry garlic and ginger til fragrant; add broccolini and choy sum; stir fry til just tender. Add noodles, sacues and eggplant mixture, stir fry til heated through. Add tofu; toss gently to combine.""]",6.0,1 (296 g),"[""60-minutes-or-less"", ""time-to-make"", ""course"", ""main-ingredient"", ""cuisine"", ""preparation"", ""main-dish"", ""beans"", ""vegetables"", ""asian"", ""vegetarian"", ""dietary"", ""soy-tofu"", ""pasta-rice-and-grains""]"
370093,Spicy Tofu Burgers With Cucumber Relish,"Red Kidney beans add colour and texture to these chunky burgers, but other cooked beans, such as soya beans, would work in this dish as well.","[""olive oil"", ""red onion"", ""celery rib"", ""garlic cloves"", ""red kidney beans"", ""salted peanuts"", ""curry paste"", ""breadcrumbs"", ""egg substitute egg"", ""cucumber"", ""flat leaf parsley"", ""white wine vinegar""]","[""4   tablespoons    olive oil"",""1   small    red onion (finely chopped)"",""1       celery rib (finely chopped)"",""2       garlic cloves (crushed)"",""220   g    red kidney beans"",""75   g    salted peanuts"",""250   g    tofu"",""2   teaspoons    curry paste (medium)"",""50   g    breadcrumbs"",""  egg substitute (equal to 1 egg)"",""1/2  small    cucumber (peeled and deseeded)"",""2   tablespoons    flat leaf parsley (chopped)"",""1   tablespoon    white wine vinegar"",""2   teaspoons    caster sugar""]","[""Heat 1 tbs of the oil in a frying pan and gently fry all but 1 tbs of the onion with the celery for 5 minutes until thay are soft. Add the garlic and fry for another 2 minutes."", ""Put the kidney beans in a bowl and mash them lightly with a fork to break them up. Finely chop the peanuts in a food processor. Pat the tofu dry on kitchen paper, break it into pieces and add it to the nuts in the food processor. Blend them until the tofu is crumbly then add the mixture to the beans together with the fried vegetables, curry paste, breadcrumbs and egg replacer and mix everything well to obtain a thick paste."", ""Divide the mixture in the bowl into quarters and shape into burgers, dusting your hands with flour if the mixture is sticky. Heat the remaining oil in the pan and gently fry the burgers for about 4 minutes on each side, until golden."", ""Meanwhile, chop the cucumber finely and mix it with the reserved tablespoon of chopped onion, the parsley, vinegar and sugar in a bowl. Serve with the burgers.""]",4.0,1 (233 g),"[""lactose"", ""30-minutes-or-less"", ""time-to-make"", ""course"", ""preparation"", ""lunch"", ""main-dish"", ""vegetarian"", ""dietary"", ""egg-free"", ""free-of-something""]"
18587,Hungarian Beef Goulash,"Hearty, inexpensive stew. Leftovers last very well in the fridge.","[""beef"", ""chopped onions"", ""clove garlic"", ""tomatoes"", ""red peppers green pepper"", ""paprika""]","[""1 3/4  lbs    beef, shank is best,cut into small pieces "",""2 -3   tablespoons    oil"",""2      finely chopped onions"",""1   clove    garlic, crushed "",""1       tomatoes, peeled "",""1       red peppers or 1       green pepper, sliced "",""1   tablespoon    paprika"",""1   pinch    caraway seed"",""  salt""]","[""Sauté the onions in heated oil."", ""Sprinkle with caraway seeds and salt."", ""Add the beef and brown well."", ""Lower the heat and cover."", ""Steam for a few minutes."", ""Add the paprika and mix well."", ""Add a little water and bring it to a boil."", ""Lower the heat again."", ""When the meat is ¾ cooked, add the green pepper, garlic, and tomato."", ""Simmer, at moderate heat, until the meat is tender."", ""If needed, add a little water from time to time."", ""Serve with potato or pasta."", ""A cucumber salad is a nice accompaniment."", ""Lamb or pork can also be substituted for the beef.""]",4.0,1 (215 g),"[""weeknight"", ""time-to-make"", ""course"", ""main-ingredient"", ""cuisine"", ""preparation"", ""occasion"", ""north-american"", ""very-low-carbs"", ""lunch"", ""main-dish"", ""beef"", ""fruit"", ""lamb-sheep"", ""pork"", ""vegetables"", ""hungarian"", ""easy"", ""european"", ""beginner-cook"", ""potluck"", ""diabetic"", ""dinner-party"", ""holiday-event"", ""kid-friendly"", ""stews"", ""grains"", ""stove-top"", ""dietary"", ""one-dish-meal"", ""low-sodium"", ""gluten-free"", ""low-carb"", ""inexpensive"", ""free-of-something"", ""low-in-something"", ""meat"", ""pasta-rice-and-grains"", ""to-go"", ""equipment"", ""4-hours-or-less""]"
507458,Coq Au Vin (Rooster or Chicken in Wine),My daughter found this recipe online and decided to try it. It was fantastic!! Note: It does need to be marinated overnight.,"[""chicken rooster"", ""full - body red Burgundy wine"", ""bacon slices"", ""portobella"", ""white pearl onions"", ""garlic cloves"", ""carrots"", ""olive oil"", ""sprigs fresh thyme"", ""fresh parsley"", ""salt pepper""]","[""1       chicken, cut-up into pieces  (or rooster)"",""1 1/2  cups   approximately 1/2 bottle of full-body red Burgundy wine (we used Lemberger)"",""6       bacon, slices diced "",""1/2  lb   baby portobella mushroom"",""12       white pearl onions (we used canned)"",""2 -3       garlic cloves, mashed "",""2       carrots, peeled and quartered "",""  olive oil"",""3   sprigs    fresh thyme"",""1       bay leaf"",""  fresh parsley"",""  salt and pepper""]","[""A day in advance, place the rooster/chicken 8 pieces in large sealable dish. Pour half a bottle of red Burgundy wine over it."", ""Add the small white onions, the quartered peeled carrots and the herbs. Cover and put in the fridge."", ""The next day, remove and drain the chicken and vegetables. Put the wine aside for later use."", ""Brown the chicken pieces with oil in a skillet. Remove the chicken. Using the same skillet, add garlic to the vegetables and heat for a couple of minutes."", ""Put the chicken and the vegetables in a large sauce pan. Pour the wine in and add salt and pepper.  Bring to a boil at moderate heat. Cover and cook at low heat for 1 or 2 hours."", ""Heat bacon, onion and mushrooms in a skillet until brown (about 10 minutes)."", ""When the chicken is ready, add bacon, onion and mushrooms in the pan, cook and stir for 2 or 3 minutes. Taste and correct the seasoning,."", ""Add parsley to the chicken when finished. Serve with rice or potatoes and the other half of the bottle of wine."", ""Other wine suggestions: red Burgundy wine, or Cotes du Rhone red, Morgon.""]",4.0,1 (315 g),"[""time-to-make"", ""course"", ""main-ingredient"", ""cuisine"", ""preparation"", ""main-dish"", ""poultry"", ""french"", ""european"", ""chicken"", ""meat"", ""whole-chicken"", ""4-hours-or-less"", ""from-scratch""]"
542787,30-Minute Veal Marsala,"This classic dish has incredible flavor plus in less than 30 minutes, you can enjoy itVIDEO https:youtu.bekCo0zRxapnQ","[""veal cutlets"", ""all - purpose flour"", ""smoked paprika"", ""sea salt"", ""black pepper"", ""olive oil"", ""butter"", ""mushrooms"", ""shallots"", ""garlic cloves"", ""marsala wine"", ""low sodium chicken broth"", ""heavy cream"", ""dried rosemary chopped"", ""dried thyme leaves chopped"", ""parsley chopped garnish"", ""fettuccine egg noodles"", ""parmesan cheese"", ""parsley chopped""]","[""4 veal cutlets, pound it down (about 1 1/2 lbs.)"",""2 tablespoons unbleached all-purpose flour (or as needed)"",""1/8 teaspoon smoked paprika"",""1/4 teaspoon sea salt (to taste)"",""1/2 teaspoon black pepper (to taste )"",""2 tablespoons olive oil"",""3 tablespoons butter, divided"",""3 cups assorted mushrooms, sliced"",""2 tablespoons shallots, finely chopped"",""2 large garlic cloves, pressed"",""1/2 cup marsala wine"",""1/2 cup low sodium chicken broth"",""1/4 cup heavy cream"",""1/2 teaspoon dried rosemary, chopped"",""1/2 teaspoon dried thyme leaves, chopped"",""1/2 tablespoon parsley, chopped (for garnish)"",""9 ounces fettuccine, cooked according to package directions (substitute egg noodles)"",""2 tablespoons butter"",""1/2 cup parmesan cheese, grated"",""1 tablespoon parsley, chopped""]","[""Preheat oven to 170 F."",""Season the flour with paprika, salt, and pepper; stir to combine and set aside. Just before cooking, dredge the cutlets on both sides with flour and shake to remove any excess."",""In a large skillet over medium-high heat, add oil and 1 tablespoons butter. When it gets hot, add veal and cook until golden, about 1 to 1   minutes per side. Place them on a baking sheet and transfer to the preheated oven to keep them warm."",""Reduce the heat to medium and add the remaining 2 tablespoons butter to the skillet before adding the mushrooms; season with pepper. Cook until soft, 5 minutes. Add shallots and garlic; saut  for only one minute."",""Add Marsala wine and broth, scraping the bottom of the pan to dislodge any brown bits. Increase the heat to medium-high and bring the mixture to a boil. Return the heat to medium and cook until the liquid is reduced by half, about 5 minutes."",""Add heavy cream, rosemary and thyme; stir well. Return the cutlets to the skillet and spoon the sauce over; cook for 2 minutes. When serving, sprinkle on fresh chopped parsley. Serve with linguine or fettuccine."",""FETTUCCINE:"",""After the noodles are cooked and drained, add some butter and a   cup of Parmesan cheese. Stir well before adding the remaining   cup of cheese and some fresh chopped parsley.""]",4.0,1 (358 g),"[""30-minutes-or-less"",""time-to-make"",""course"",""main-ingredient"",""cuisine"",""preparation"",""occasion"",""main-dish"",""beef"",""easy"",""european"",""dinner-party"",""holiday-event"",""italian"",""veal"",""meat""]"
531966,Hartson's Moist Banana - Strawberry - Nut Bread,"Easy made, moist Banana Strawberry Nut Bread","[""butter margarine"", ""powdered sugar"", ""vanilla"", ""bananas peel"", ""flour"", ""baking soda"", ""chopped pecans"", ""fresh strawberries chopped""]","[""1/2  cup    butter (or margarine)"",""2   cups    powdered sugar"",""4   teaspoons    vanilla"",""3       eggs (beaten)"",""4       bananas, peel should fall off  (smashed)"",""1/4-1/2  cup    milk"",""3   cups    flour (white)"",""1/2  teaspoon    salt"",""1/2  teaspoon    baking soda"",""6   ounces   chopped pecans"",""2   cups    fresh strawberries, chopped  (add more if desired)""]","[""Grate butter if refrigerated, microwave 20 seconds until soft, or use room temperature butter."", ""Chop a basket of strawberries (about 2 cups).  Important:  Do not over chop strawberries.  You will want the chew of the Strawberry to come through and deliver the strawberry flavor."", ""Chop, lightly, pecans in food processor or use meat tenderizing mallet to break pecans into smaller pieces.  Important:  Do not over chop pecans.  You will want the chew of the pecan to come through."", ""in LARGE bowl, combine powdered sugar, salt, baking soda, chopped pecans and only TWO of the three cups of flour together.  Set aside third cup of flour.  The bowl used should be large enough to combine all ingredients together later."", ""Separately, beat three eggs.  Add vanilla, milk, and butter.  mix gently together."", ""ADD Step 5 (wet mixture) into large bowl used earlier to combine dry ingredients.  Fold and mix lightly until combined and smooth."", ""Preheat oven to 350 degrees."", ""ADD bananas and mix (if bananas have not been blended yet, use a mashing utensil such as one used for mashing potatoes).  Do not over mix bananas.  You will want small chunks of banana for texture and flavor."", ""ADD strawberries to mix and lightly fold."", ""Combined mixture should be slightly fluid.  ADD remaining flour in small parts until mixture maintains a light form.  It should fall off a spatula, a little more formed than making pancake batter."", ""Coat well, two bread loaf pans (metal or glass will do)."", ""Place mixture in equal parts into two loaf bread pans (see pan size in finished loafs picture)."", ""Place both filled pans in center oven.  Bake 50 minutes.  REDUCE oven temperature to 325 and continue to cook 30-40 minutes."", ""Remove from oven, Cover with cloth and cool.  Serve warm or cold.""]",1.0,1 (1892 g),"[""time-to-make"", ""course"", ""preparation"", ""breads"", ""desserts"", ""quick-breads"", ""4-hours-or-less""]"
420646,Italian Stew,"This is my spin on a recipe posted by Kraft.  (Which I'm sure would be good, but I tweaked it to our taste.)  Full of flavor, nutritious and super easy--my kind of recipe.  DH says, more--more!!","[""turkey Italian sausage"", ""kraft zesty Italian dressing"", ""garlic crushed chopped"", ""fat - free chicken broth"", ""frozen peppers onions"", ""can cannellini beans"", ""Italian - style tomatoes"", ""italian seasoning"", ""whole macaroni"", ""spinach kale"", ""skim mozzarella cheese"", ""grated parmesan cheese""]","[""1   lb   bulk turkey Italian sausage (I used 1/2 sweet \u0026 1/2 hot)"",""2   tablespoons   kraft zesty light Italian dressing"",""1   teaspoon    garlic (crushed, grated, chopped-what you want)"",""2 (14 1/2  ounce) cans   fat-free chicken broth"",""1 (16   ounce) package   frozen peppers and onions"",""1 (15   ounce) can   cannellini beans, drained and rinsed "",""1 (28   ounce) can  diced Italian-style tomatoes"",""1   teaspoon    italian seasoning"","" ground cracked black pepper"",""1   cup   whole grain elbow macaroni, uncooked "",""  fresh spinach or   kale, chopped "",""  part-skim mozzarella cheese"","" grated parmesan cheese""]","[""Heat dressing and garlic on medium heat in a large saucepan.  Add sausage; cook 8 to 10 min or until done, breaking into small pieces.  Drain is necessary."", ""Add Italian seasoning, pepper, broth, stir-fry vegetables, beans and tomatoes; bring to a boil.  Stir in macaroni (and spinach or kale if preferred) and simmer on medium heat 8-10 minutes or until macaroni is tender, stirring occasionally."", ""To serve, put a portion of the stew in a bowl, top with some mozzarella cheese, more stew and then a little Parmesan on top.""]",8.0,1 (329 g),"[""weeknight"", ""60-minutes-or-less"", ""time-to-make"", ""course"", ""main-ingredient"", ""cuisine"", ""preparation"", ""occasion"", ""lunch"", ""main-dish"", ""soups-stews"", ""pasta"", ""poultry"", ""vegetables"", ""easy"", ""european"", ""stews"", ""brown-bag"", ""inexpensive"", ""meat"", ""pasta-rice-and-grains"", ""elbow-macaroni"", ""peppers"", ""to-go"", ""3-steps-or-less""]"
478865,Socni Kolac (Rich Cake) (Bosnia Herzegovina),"This recipe was featured on week 33 of my food blog, ""Travel by Stove."" I am attempting to cook on meal from every nation on Earth, and Bosnia Herzegovina is my 33rd stop. Unless otherwise noted, my Travel by Stove recipes are taken from authentic or traditional sources, and this recipe has been posted without any alternations or additions to the ingredients. This recipe contains no flour and really looks like a disaster while it is baking, but have faith because it does turn out pretty well if you follow the directions.","[""cooking oil"", ""walnuts chopped"", ""raisins"", ""grated coconut"", ""baking powder"", ""granulated sugar"", ""heavy cream"", ""vanilla"", ""confectioners  sugar""]","[""4       eggs"",""3/4  cup    cooking oil"",""1/4  cup    walnuts, chopped "",""1/4  cup    raisins"",""1/4  cup   grated coconut"",""1   teaspoon    baking powder"",""1/2  cup    granulated sugar"",""1 2/3  cups    water"",""1   cup    heavy cream"",""1   teaspoon    vanilla extract"",""1   tablespoon    confectioners\u0027 sugar""]","[""Preheat the oven to 400 degrees. Beat the eggs and mix the with the oil, walnuts, raisins and coconut. Add the baking powder. Pour the mixture into a lightly oiled pan (it should be thin, maybe about a half inch)."", ""Put the pan in the oven and bake until the edges are starting to brown (15 to 20 minutes)."", ""While the cake is baking, melt the sugar in the water and simmer until it starts to become syrupy. When you remove the cake from the oven, pour the syrup over it while it is still hot."", ""Turn the oven off and put the cake back inside of the oven to cool. After about 30 to 45 minutes, take it out of the oven and refrigerate for an hour or two."", ""Pour the whipping cream into a mixing bowl and whip until stiff peaks form, then add the confectioner""s sugar and the vanilla. Whip a little more to blend."", ""Take the cake out of the fridge and gently spread the whipped cream on top. Serve cold.""]",12.0,1 (100 g),"[""time-to-make"", ""course"", ""cuisine"", ""preparation"", ""desserts"", ""european"", ""cakes"", ""4-hours-or-less""]"
69782,Broccoli and Feta Salad,"I took this amazing salad to a barbecue and there was nothing left. If you use herbed and garlic Feta Cheese, omit the 1 clove of garlic or taste and then add as much garlic to suit your taste buds. You can also make this ahead and keep covered in the refrigerator up to a day. This recipe came from one of my favorite magazines ""Canadian Living.""","[""broccoli"", ""virgin olive oil"", ""wine vinegar"", ""Dijon mustard"", ""garlic clove minced"", ""ground pepper"", ""crumbled feta cheese"", ""grape tomatoes cherry tomatoes"", ""red onion""]","[""1   bunch    broccoli (approx. 1lb)"",""2   tablespoons    extra virgin olive oil"",""2   tablespoons    wine vinegar"",""2   teaspoons    Dijon mustard"",""1       garlic clove, minced "",""1/4  teaspoon    salt"",""1/4  teaspoon    ground pepper"",""1   cup   crumbled feta cheese"",""1   cup    grape tomatoes or 1   cup    cherry tomatoes, halved "",""1/2  cup   very thinly sliced red onion""]","[""Cut broccoli into florets."", ""Pour enough water into saucepan to come 1 inch up side and bring to boil."", ""Place broccoli in steamer basket in saucepan; cover and steam until bright green but still crisp (approx 1 min) Drain."", ""Whisk together oil, vinegar, mustard, garlic, salt and pepper in large bowl."", ""Add broccoli, feta cheese, tomatoes and onion."", ""Toss to coat.""]",4.0,1 (173 g),"[""30-minutes-or-less"", ""time-to-make"", ""course"", ""main-ingredient"", ""cuisine"", ""preparation"", ""north-american"", ""salads"", ""vegetables"", ""canadian"", ""diabetic"", ""dietary"", ""low-calorie"", ""low-carb"", ""low-in-something"", ""broccoli""]"
301016,Sweet Potato Custard Pie,I have always wanted to try Sweet Potatoe Pie. This recipe sounds good so I thought I'd post it here for safe keeping.,"[""sweet potatoes"", ""marshmallow creme"", ""butter"", ""evaporated milk"", ""vanilla"", ""almond extract"", ""brown sugar"", ""cinnamon"", ""nutmeg"", ""pastry shells"", ""topping""]","[""2   small    sweet potatoes, peeled and chopped "",""3/4  cup    marshmallow creme"",""1/2  cup    butter, cubed "",""1 (5   ounce) can   evaporated milk"",""3       eggs"",""1   teaspoon    vanilla extract"",""1/4  teaspoon    almond extract"",""3/4  cup    sugar"",""1/4  cup   packed brown sugar"",""1   tablespoon    all-purpose flour"",""1/8  teaspoon    cinnamon"",""1/8  teaspoon    nutmeg"",""9   inches    pastry shells, unbaked "",""1/2  cup    whipped topping""]","[""Place sweet potatoes in a large saucepan; cover with water."", ""Bring to a boil. Reduce heat, cover and simmer for 10 minutes or until tender."", ""Drain potatoes and place them in a mixing bowl; mash."", ""Add marshmallow creme and butter; beat until smooth."", ""Add milk, eggs and extracts; mix well."", ""Combine the sugars, flour, cinnamon, and nutmeg; gradually beat into potato until well blended."", ""Pour into pastry shell and bake at 350 for 45-50 minutes or until a knife comes out clean."", ""Cool on a wire rack."", ""Serve with whipped topping."", ""Refrigerate any leftovers.""]",8.0,1 (157 g),"[""time-to-make"", ""course"", ""main-ingredient"", ""preparation"", ""yams-sweet-potatoes"", ""pies-and-tarts"", ""desserts"", ""potatoes"", ""vegetables"", ""pies"", ""4-hours-or-less""]"
259960,Banana-Yogurt Smoothie,"Healthier Banana Smoothie. I actually like the texture of the flax so I don't bother to ""puree"" them.","[""flax seeds"", ""banana"", ""low plain yogurt"", ""ice cube""]","[""2   teaspoons    flax seeds"",""1   medium    banana"",""1/2  cup    low-fat plain yogurt"",""1 -2   teaspoon    honey"",""2/3  cup    ice cube""]","[""Place the flaxseeds in a blender and puree for 30 seconds until they are coarsely ground."", ""Add the banana, yogurt, honey, and ice cubes and puree until smooth and thick. Serve immediately.""]",1.0,1 (412 g),"[""15-minutes-or-less"", ""time-to-make"", ""course"", ""preparation"", ""for-1-or-2"", ""low-protein"", ""healthy"", ""5-ingredients-or-less"", ""beverages"", ""easy"", ""low-fat"", ""smoothies"", ""food-processor-blender"", ""dietary"", ""low-sodium"", ""low-cholesterol"", ""low-saturated-fat"", ""low-calorie"", ""low-in-something"", ""equipment"", ""small-appliance"", ""number-of-servings"", ""3-steps-or-less""]"
306381,Vegetarian Pineapple Curry,"I found this on vegtv and it looks very yummy!Enlightened FactoidPineapple is the sole source of bromelain, a protein digesting enzyme compound that aids digestion and boosts healing. This powerful anti-inflammatory and analgesic is very effective in treating bruises, sprains and strains by reducing swelling, tenderness and pain. Choose a brightly colored pineapple with deep green leaves and a sweet aroma that is plump and heavy for its size.","[""pineapple"", ""olive oil"", ""crushed red pepper flakes"", ""grated fresh gingerroot"", ""garlic cloves minced"", ""yellow onion"", ""red bell pepper"", ""spice baked tofu cinnamon"", ""baby carrots"", ""broccoli florets"", ""plum tomatoes"", ""Chardonnay wine hot vegetable broth"", ""turmeric"", ""Red Star nutritional yeast"", ""tamari"", ""chopped fresh cilantro"", ""rice jasmine""]","[""1   medium    pineapple, peeled, sliced and cored "",""2   teaspoons    olive oil"",""1/4  teaspoon    crushed red pepper flakes"",""2   tablespoons   grated fresh gingerroot"",""3       garlic cloves, minced "",""1   medium    yellow onion, cut into half-moons "",""1   medium    red bell pepper, cut into thin strips "","" five-spice baked tofu, sliced on an angle 1 cinnamon stick "",""1 1/2  cups   sliced baby carrots"",""2 1/2  cups   bite size broccoli florets"",""2       plum tomatoes, diced "",""1/2  cup    Chardonnay wine or 1/2  cup   hot vegetable broth"",""1   teaspoon    turmeric"",""1/2  cup    Red Star nutritional yeast"",""1   tablespoon    tamari"",""1/4  cup   chopped fresh cilantro"","" serve this delectable dish with rice expressions jasmine rice""]","[""Cube fresh pineapple and set aside. Heat oil and crushed pepper in an electric skillet or 12 inch Wok pan over medium high heat, 30 seconds. Add ginger, garlic, onions, bell pepper, and cinnamon. Cook 2 minutes, stirring frequently. Add carrots, tofu, broccoli and pineapple, cook mixture 5 minutes, stirring occasionally. Add wine and reduce liquid, about 2 minutes. Reduce heat to medium low. Add turmeric, corn soup, yeast, tamari, and cilantro. Mix thoroughly. Cover and simmer, 5 minutes. Serve with Rice Expressions Jasmine rice."", "".""]",8.0,1 (225 g),"[""curries"", ""30-minutes-or-less"", ""time-to-make"", ""course"", ""main-ingredient"", ""preparation"", ""main-dish"", ""vegetables"", ""easy"", ""vegan"", ""vegetarian"", ""dietary"", ""broccoli"", ""carrots"", ""3-steps-or-less""]"
36823,Stay a Bed Stew,This is the best Stew and so easy! Wonderful recipe for fall and winter. Wonderful for a working mother! This recipe came from my husbands family and I am so glad that my mother in law shared this with us! I serve this with tossed green salad and homemade rolls. Yum!,"[""beef stew meat"", ""tiny peas pea juice"", ""sliced carrot"", ""onions"", ""sliced celery"", ""sliced mushrooms juice mushrooms juice"", ""tomato soup water"", ""raw potato""]","[""2   lbs    beef stew meat, cubed "",""1 (15   ounce) can   tiny peas (use pea juice also)"",""1   cup   sliced carrot (lengthwise)"",""2       onions, cut up "",""1 -2   stalk   sliced celery"",""1 (8   ounce) can   sliced mushrooms (use juice) or 2 (8   ounce) cans   mushrooms (use juice)"",""1   teaspoon    salt"",""1   dash    pepper"",""1 (10 3/4  ounce) can   tomato soup, thin with 1/2 cup water "",""1   large   raw potato"",""1       bay leaf""]","[""Put all together in large casserole dish."", ""Pour soup and pea juice over top of ingredients."", ""Make sure to have a good fitting lid for your casserole dish."", ""Cook for 5 hours at 275 to 300°F."", ""You may also use a crock pot to cook this on high for 5 approx hours or low for approx 10 hours.""]",8.0,1 (262 g),"[""weeknight"", ""time-to-make"", ""course"", ""preparation"", ""main-dish"", ""oven"", ""crock-pot-slow-cooker"", ""one-dish-meal"", ""equipment""]"
318160,Easy Italian Wedding Soup,Haven't tried this yet. Found it in a quick-n-easy soup book.  I thought the pizza sauce instead of tomato sauce was interesting and different.,"[""chicken broth"", ""water"", ""medium pasta shells"", ""frozen cooked meatballs"", ""fresh spinach leaves"", ""pizza sauce""]","[""2 (14 1/2  ounce)    chicken broth"",""1   cup    water"",""4   ounces   uncooked medium pasta shells"",""16      frozen cooked meatballs"",""2   cups    fresh spinach leaves, finely shredded "",""1 (8   ounce) can   pizza sauce""]","[""In large saucepan, bring broth and water to a boil. Add pasta and meatballs; return to a boil. Cook 7 to 9 minutes or until pasta is almost tender. Do not drain."", ""Add spinach and pizza sauce; cook 1 to 2 minutes or until thoroughly heated."", ""If desired, sprinkle individual servings with grated Parmesan cheese.""]",4.0,1 (380 g),"[""15-minutes-or-less"", ""time-to-make"", ""course"", ""main-ingredient"", ""preparation"", ""occasion"", ""soups-stews"", ""beef"", ""pasta"", ""vegetables"", ""easy"", ""holiday-event"", ""wedding"", ""ground-beef"", ""meat"", ""pasta-rice-and-grains"", ""pasta-shells"", ""greens"", ""spinach"", ""3-steps-or-less""]"
205188,Red Hot Cinnamon Pear Sundaes,Red hot cinnamon candies have been 1 of my favorite ingredients since my childhood & SusieQusie can tell you that pears have also been favored in recent yrs. This is the 2nd of 2 recipes I've entered that feature cinnamon candies & my source is eatcannedpears.com. (Time does not include time for sauce to cool),"[""granulated sugar"", ""water"", ""red cinnamon candies"", ""pear halves"", ""vanilla ice cream"", ""- hot candies garnish""]","[""1   cup    granulated sugar"",""1   cup    water"",""3/4  cup    red cinnamon candies"",""1 (15   ounce) can   pear halves (well-drained \u0026 sliced)"",""1 1/2  pints    vanilla ice cream"",""  red-hot candies (for garnish)""]","[""In a med saucepan, combine sugar, water &amp; candies. Bring mixture to a boil, stirring constantly. Reduce heat to med &amp; boil mixture for 10 min, stirring occ."", ""Remove from heat &amp; cool at least 20 min b4 using (or cool, cover &amp; refrigerate to store)."", ""To Assemble Sundaes: Scoop ice cream into 6 dessert dishes &amp; spoon sliced pears over ea sundae. Spoon cinnamon sauce over ice cream &amp; sprinkle w/more cinnamon candies. Serve immediately &amp; store any leftover sauce in refrigerator."", ""NOTE: W/the combined sweetness of the canned pears, cinnamon candies &amp; ice cream used for the sundaes  --  I would be inclined to reduce the sugar amt in the sauce to 1/2 cup.""]",6.0,1 (234 g),"[""30-minutes-or-less"", ""time-to-make"", ""course"", ""main-ingredient"", ""preparation"", ""occasion"", ""low-protein"", ""healthy"", ""desserts"", ""eggs-dairy"", ""fruit"", ""easy"", ""beginner-cook"", ""potluck"", ""dinner-party"", ""candy"", ""frozen-desserts"", ""dietary"", ""low-sodium"", ""low-in-something"", ""pears"", ""brunch"", ""taste-mood"", ""sweet"", ""to-go"", ""presentation"", ""served-cold""]"
219381,Baked Snapper With Chipotle Butter,Cooking Light,"[""cumin"", ""paprika"", ""black pepper"", ""red snapper fillets"", ""butter"", ""canned chipotle chile adobo"", ""wedge""]","[""1/2  teaspoon    ground cumin"",""1/2  teaspoon    paprika"",""1/4  teaspoon    salt"",""1/4  teaspoon    black pepper"",""4 (6   ounce)    red snapper fillets"",""1   tablespoon    butter, softened "",""1      canned chipotle chile in adobo, finely chopped "",""  lemon wedge""]","[""Preheat oven to 400°."", ""Combine the first 4 ingredients; sprinkle evenly over fish; put fish on a baking sheet that has been sprayed with cooking spray."", ""Bake for 15 minutes or until fish flakes easily."", ""While fish is baking, combine butter and chile."", ""Spread butter mixture evenly over fish."", ""Serve with lemon wedges.""]",4.0,1 (174 g),"[""30-minutes-or-less"", ""time-to-make"", ""main-ingredient"", ""preparation"", ""seafood"", ""oven"", ""fish"", ""equipment""]"
399171,Mole Verde -- Mexican Green Sauce,"Recipe excerpted from My Mexico by Diana Kennedy: Clarkson N. Potter, Publishers, 1998 courtesy of Food Network.  Epazote is a Mexican herb that has a very strong taste and has been used in Mexican cuisine for thousands of years dating back to the Aztecs, who used it for cooking as well as for medicinal purposes.  Hoja Santa (sacred leaf) is an aromatic herb with a heart-shaped, velvety leaf growing in tropical Mesoamerica and is also known as yerba santa, hierba santa, Mexican pepperleaf, root beer plant, and sacred pepper.  It is an essential ingredient for mole verde.","[""pumpkin seeds"", ""chicken broth beef broth"", ""tomatillos husks"", ""stems lengua vaca"", ""hoja santa stems"", ""sprigs epazote"", ""jalapenos serrano chilies"", ""pork fat vegetable oil""]","[""6   ounces    pumpkin seeds, about 2 cups  (raw, unhulled)"",""2   cups    chicken broth or 2   cups    beef broth"",""6   ounces    tomatillos, husks removed, rinsed, and coarsely chopped "",""6   large   leaves sorrel, rinsed, stems removed, and coarsely chopped  (lengua de vaca)"",""4   leaves    hoja santa, stems and veins removed, coarsely chopped "",""8   large   sprigs epazote (5 coarsely chopped, 3 left whole)"",""4       jalapenos (to taste) or 6       serrano chilies, coarsely chopped  (to taste)"",""  pork fat (approximately 1/4 cup) or   vegetable oil, for frying  (approximately 1/4 cup)""]","[""Toast the pumpkin seeds in an ungreased pan, turning them over and shaking the pan from time to time to prevent them from burning."", ""Set them aside to cool."", ""Grind them in an electric grinder or blender to a fine powder."", ""Put 1 1/2 cups of the broth in a blender, gradually adding the tomatillos, sorrel, hoja santa, chopped epazote, and chiles, blending as smooth as possible."", ""Heat the lard in a flameproof casserole in which you are going to serve the mole; fry the blended ingredients, stirring and scraping the bottom of the pan to prevent sticking for about 25 minutes."", ""Add the rest of the epazote."", ""Stir 1/2 cup of the broth into the pumpkin seeds until you have a smooth consistency and gradually stir into the cooked ingredients."", ""Continue cooking over low heat, stirring constantly for 10 more minutes."", ""Take care that the pumpkin seed mixture does not form into lumps; if this happens, put the sauce back into the blender and blend until smooth."", ""Add any remaining broth and salt, to taste."", ""If the sauce is too thick, add a little water to dilute.""]",6.0,1 (147 g),"[""60-minutes-or-less"", ""time-to-make"", ""course"", ""main-ingredient"", ""cuisine"", ""preparation"", ""occasion"", ""north-american"", ""sauces"", ""condiments-etc"", ""vegetables"", ""mexican"", ""diabetic"", ""oaxacan"", ""dietary"", ""inexpensive"", ""savory-sauces"", ""taste-mood"", ""savory"", ""from-scratch""]"
459149,Natural Cereal Bars,Yummy and Healthy Cereal bars,"[""almond butter"", ""brown rice syrup"", ""Kashi"", ""natures organic smart all - bran cereal"", ""quinoa"", ""walnuts chopped"", ""sunflower seeds"", ""pumpkin seeds"", ""apricot"", ""vanilla"", ""cinnamon""]","[""1   cup    almond butter"",""1   cup    brown rice syrup"",""3   cups    Puffed Kashi"",""1/2  cup   natures path organic smart all-bran cereal"",""1/3  cup    quinoa"",""3/4  cup    walnuts, chopped "",""1/4  cup    sunflower seeds, raw "",""1/4  cup    pumpkin seeds, raw "",""1/2      dried apricot"",""1   teaspoon    vanilla extract"",""1   teaspoon    cinnamon""]","[""prepare 13x9 in pan w cooking spray."", ""heat almond butter and brown rice syrup in large pot on low until bubbles form.  add vanilla."", ""meanwhile mix together all dry ingredients in large bowl."", ""add dry ingredients to pot stirring well, incorporating all ingredients."", ""add mixture to prepared pan. pressing evenly."", ""place in fridge to set."", ""cut into approx 32 bars.""]",32.0,1 (17 g),"[""15-minutes-or-less"", ""time-to-make"", ""course"", ""main-ingredient"", ""preparation"", ""for-large-groups"", ""snacks"", ""easy"", ""diabetic"", ""vegetarian"", ""nuts"", ""dietary"", ""number-of-servings""]"
192235,Zingy Vegetable Curry,"Packed with vitamins, colour and taste. Low fat  and low calorie it reheats very well the next day. Feel free to change veg depending on what you have or what is in season","[""coriander"", ""turmeric"", ""sunflower oil"", ""whole mustard seeds"", ""cumin seeds"", ""onion"", ""garlic clove chopped"", ""ginger"", ""green chilies chopped seeds"", ""butternut squash"", ""aubergine"", ""cauliflower"", ""tomatoes chopped""]","[""2   teaspoons    ground coriander"",""1   teaspoon    ground turmeric"",""3   tablespoons    sunflower oil"",""1   teaspoon    whole mustard seeds"",""2   teaspoons    cumin seeds"",""1       onion, chopped "",""1       garlic clove, chopped "",""1   inch    ginger, peeled and chopped "",""2       green chilies, chopped  (seeds optional)"",""1   small    butternut squash, peeled and cubed "",""1       aubergine, cubed "",""1/2  head    cauliflower, broken into florets "",""2       tomatoes, chopped ""]","[""Mix coriander and turmeric with 2 tbsp water."", ""Heat oil and add mustard and cumin seeds, fry until mustard seeds begin to pop. Add onion and cook until soft. Add chillies, garlic and ginger and cook for 30 seconds more."", ""stir in the coriander mix and add the squash and aubergine. Reduce heat to low and stir for 1 minute."", ""Add 400ml cold water, cover and simmer for 15 minutes"", ""Add cauliflower and tomatoes; cover again and simmer for a further 10 minutes."", ""Serve with rice, naan or chapatis and sprinkled with fresh coriander if desired.""]",4.0,1 (540 g),"[""curries"", ""60-minutes-or-less"", ""time-to-make"", ""course"", ""main-ingredient"", ""cuisine"", ""preparation"", ""occasion"", ""main-dish"", ""vegetables"", ""asian"", ""indian"", ""easy"", ""vegan"", ""vegetarian"", ""dietary"", ""spicy"", ""onions"", ""squash"", ""tomatoes"", ""taste-mood"", ""savory""]"
440519,Macadamia and Coconut Crusted Mahi Mahi With Pineapple Salsa,"I just returned from a fabulous trip from Hawaii, and I wanted to figure out a way to make a dish that reminded me of all of the island flavors-- here is the result! Mahi Mahi is a great Hawaiian fish that is easy to find here in the States (as opposed to Opah or Ono fish which are delicious but impossible to find here...). I also wanted to try making a pineapple salsa after visiting the Dole Pineapple Plantation, and it turned out really well-- sweet and spicy! I hope you enjoy this one! Aloha!","[""pineapple"", ""red onion minced"", ""green onion"", ""serrano chili minced"", ""cilantro leaf"", ""lime juice"", ""garlic salt"", ""ground black pepper"", ""salted macadamia nut"", ""seasoned breadcrumbs"", ""shredded coconut"", ""virgin olive oil"", ""mahi mahi fillets""]","[""1      whole pineapple"",""1/4  cup    red onion, minced "",""1       green onion, thinly sliced "",""1       serrano chili, minced "",""1   cup    cilantro leaf, coarsely chopped "",""1   tablespoon    lime juice"",""1/2  teaspoon    garlic salt"","" freshly ground black pepper"",""1   cup   roasted and salted macadamia nut"",""1/2  cup   seasoned breadcrumbs"",""3   tablespoons    shredded coconut"",""1       egg, beaten "",""1   tablespoon    extra virgin olive oil"",""1   tablespoon    butter"",""4       mahi mahi fillets (about 6 oz each)""]","[""To make the salsa, prepare the pineapple by slicing off the top and the bottom, and cutting off the sides to remove all of the skin. Cut the peeled pineapple into 4 sections lengthwise, and remove the woody core in the middle. Dice the pineapple into 1/2 inch chunks."", ""Combine the diced pineapple with the remaining salsa ingredients and set aside."", ""In a food processor, finely grind the macadamia nuts. Mix well with the breadcrumbs and coconut."", ""Heat the butter and olive oil over medium/ medium-high heat. Dip the mahi mahi fillets in the egg mixture, then coat well with the nut mixture. Fry for about 3-5 minutes on each side, or until cooked through and crispy on the outside."", ""Top with the pineapple salsa.""]",4.0,1 (524 g),"[""60-minutes-or-less"", ""time-to-make"", ""course"", ""main-ingredient"", ""preparation"", ""main-dish"", ""fruit"", ""seafood"", ""fish"", ""tropical-fruit"", ""pineapple"", ""saltwater-fish"", ""mahi-mahi""]"
381656,Mango-Tango Chicken,"Juicy boneless & skinless chicken breasts, served in a tangy fresh mango sauce! Serve over fresh steamed white rice, and garnish with snipped fresh coriander leaves. Delicious! My daughter's creation.","[""boneless skinless chicken breasts"", ""ripe mangoes"", ""green onion"", ""lemon juice"", ""virgin olive oil"", ""chili powder"", ""fresh coriander leaves cilantro"", ""steamed white rice""]","[""4       boneless skinless chicken breasts"",""2      ripe mangoes, diced "",""1   cup    green onion, chopped  (1 bunch)"",""1       lemon, juice of, fresh "",""3   tablespoons    extra virgin olive oil"",""1   teaspoon    chili powder"","" snipped fresh coriander leaves (cilantro)"","" fresh steamed white rice""]","[""Place 1 tablespoon olive oil in large skillet. Add chicken breasts to pan and drizzle an additional tablespoon of oil over the breasts."", ""Top chicken with the diced mangoes and the chopped green onions, then sprinkle with the chile powder."", ""Drizzle the remaining tablespoon of olive oil and the lemon juice over all."", ""Bring to a boil over medium-high heat. Stir well and turn chicken over, being sure to keep the chicken well coated with the mango sauce."", ""Reduce heat to medium; cover and simmer for 20-30 minutes until breasts are done."", ""Serve over steamed white rice, and top with snipped fresh coriander leaves.""]",4.0,1 (222 g),"[""60-minutes-or-less"", ""time-to-make"", ""course"", ""main-ingredient"", ""preparation"", ""occasion"", ""main-dish"", ""poultry"", ""easy"", ""dinner-party"", ""holiday-event"", ""chicken"", ""dietary"", ""one-dish-meal"", ""new-years"", ""low-sodium"", ""low-saturated-fat"", ""low-calorie"", ""low-carb"", ""valentines-day"", ""low-in-something"", ""meat"", ""chicken-breasts""]"
192569,Thai Veggie Peanut Noodles,Easy to make one of my favorite meals to make when I come in late from work. If you want to meat it up replce the Quorn with pork.I couldn't get the 'zaar system to accept mangetout but they are the same as snow peas.,"[""rice noodles"", ""snow peas"", ""crunchy peanut butter"", ""chile"", ""brown sugar"", ""soy sauce"", ""coriander""]","[""300   g   thin rice noodles"",""350   g    quorn mince"",""250   g    snow peas, trimmed "",""3   tablespoons    crunchy peanut butter"",""1       red chile, deseeded and chopped "",""2   teaspoons    light brown sugar"",""1   teaspoon    soy sauce"",""1/4  cup    coriander, chopped ""]","[""Place noodles in a bowl of boiling water."", ""Soak or 5 mins and drain."", ""Heat wok and fry the quorn until golden"", ""add the snow peas/mangetout and cook for another 2 minutes"", ""Whisk the peanut butter, chilli, brown sugar and soy in a bowl loosening with 2 tbsp warm water."", ""Add noodles and sauce to pan and toss to coat and warm through."", ""sprinkle over coriander to serve.""]",4.0,1 (165 g),"[""30-minutes-or-less"", ""time-to-make"", ""course"", ""main-ingredient"", ""cuisine"", ""preparation"", ""occasion"", ""main-dish"", ""vegetables"", ""asian"", ""thai"", ""easy"", ""vegetarian"", ""dietary"", ""spicy"", ""one-dish-meal"", ""pasta-rice-and-grains"", ""taste-mood"", ""savory""]"
525238,Faux Potato Salad With Cauliflower,"I love a good potato salad. It’s one of those warm weather dishes that I could, honestly, made a meal of. It’s not carb friendly at all though. From the low carb lucy website.","[""cauliflower"", ""Dijon mustard"", ""mayonnaise"", ""white wine vinegar"", ""celery"", ""cracked black pepper"", ""purple onion"", ""hard boiled egg"", ""green onions"", ""bacon"", ""celery""]","[""1   head    cauliflower (Chopped into 1/4\"" - 1/2-inch pieces)"",""1/4  cup    Dijon mustard"",""3/4  cup    mayonnaise"",""1   teaspoon    white wine vinegar"",""1/2  teaspoon    celery salt"",""1   teaspoon    cracked black pepper, to taste "",""1/4  cup    purple onion (Finely chopped)"",""1       hard-boiled egg (Finely chopped)"",""2       green onions (Chopped on bias into 1/4-inch pieces)"",""3   pieces    bacon (Cooked thick, Finely chopped)"",""2   stalks    celery (Finely chopped)""]","[""Place chopped cauliflower into a medium bowl with 1/4 cup of water. Cover with plastic wrap and cook in microwave, on high for 4 1/2 minutes."", ""Drain cauliflower and place into ice water bath to stop cooking and chill."", ""Meanwhile, in a large bowl, combine dressing ingredients and mix well."", ""After 5 minutes or so, the cauliflower should be chilled. Drain well, then dry between a few layers of paper towels. You don""t want any water to water down your dressing."", ""Add the cauliflower to the bowl of dressing and combine."", ""Garnish with mix ins. Stir to combine before serving.""]",6.0,1 (146 g),"[""15-minutes-or-less"", ""time-to-make"", ""course"", ""main-ingredient"", ""preparation"", ""occasion"", ""salads"", ""vegetables"", ""cauliflower"", ""brunch""]"
453567,Lamb Stew,I just wish I could afford lamb more often,"[""lamb"", ""salad oil"", ""onions chopped"", ""garlic cloves minced"", ""thyme"", ""water"", ""tomatoes"", ""bell peppers"", ""eggplant""]","[""4   lbs    lamb, cubed "",""1   tablespoon    salt"",""1/2  tablespoon    pepper"",""2   tablespoons    flour"",""1/4  cup    salad oil"",""2       onions, chopped "",""2       garlic cloves, minced "",""1/2  teaspoon    thyme, dried "",""1   cup    water"",""4       tomatoes, cut into wedges "",""2       bell peppers, diced "",""1       eggplant, small sized, cubed ""]","[""combine flour salt and pepper and coat the lamb chunks."", ""In dutch oven brown the lamb in hot oil. add onions and garlic and brown a few more minutes."", ""sprinkle with thyme and add the water. simmer for about 1 1/2 hours until lamb is tender, stirring occasionally. May need to add more water as lamb cooks."", ""add tomatoes, green peppers and eggplant; sprinkle with seasoned salt and cook another 15 minutes or until vegetables are tender.""]",6.0,1 (457 g),"[""time-to-make"", ""course"", ""main-ingredient"", ""preparation"", ""main-dish"", ""lamb-sheep"", ""dietary"", ""low-carb"", ""low-in-something"", ""meat"", ""4-hours-or-less"", ""from-scratch""]"
320238,Red Footed Booby Martini,another drink i found on the internet. sounds good! i think its named after a bird! haha,"[""Cointreau liqueur"", ""pineapple juice"", ""grenadine"", ""maraschino cherry""]","[""2   ounces    vodka"",""1/4  ounce    Cointreau liqueur"",""2   ounces    pineapple juice (best if fresh)"",""1 -2   teaspoon    grenadine"",""1       maraschino cherry, for garnish ""]","[""In a shaker filled with ice, combine vodka, cointreau and pineapple juice. Shake well, then strain into a chilled martini glass."", ""Carefully pour in grenadine so that it pools at the bottom of the glass making a red “foot.”."", ""Garnish with a cherry on top! :).""]",1.0,1 (142 g),"[""15-minutes-or-less"", ""time-to-make"", ""course"", ""preparation"", ""occasion"", ""for-1-or-2"", ""5-ingredients-or-less"", ""beverages"", ""easy"", ""beginner-cook"", ""dinner-party"", ""holiday-event"", ""cocktails"", ""taste-mood"", ""number-of-servings"", ""3-steps-or-less""]"
491077,Curry Chicken Potstickers,Recipe is from B H & G Holiday Appetizer magazine.  These dumplings are browned and then steamed in a skillet.  A great Asian-inspired appetizer. Prep time does not include chill time.,"[""soy sauce"", ""cornstarch"", ""curry powder"", ""toasted sesame oil"", ""broccoli slaw mix cabbage carrot"", ""ground chicken pork"", ""onion"", ""wonton"", ""oil""]","[""2   tablespoons    soy sauce"",""1   tablespoon    cornstarch"",""1 -1 1/2  teaspoon    curry powder"",""1   teaspoon    toasted sesame oil"",""1/2  teaspoon    sugar"",""1   cup    broccoli slaw mix (or cabbage with carrot)"",""8   ounces    ground chicken (raw or you could use pork)"",""1   tablespoon    onion, finely chopped "",""30       wonton wrappers (or potsticker wrappers if you can find them)"",""  cooking oil""]","[""For filling:  Combine soy sauce, cornstarch, curry powder, sesame oil and sugar in a mixing bowl.  Finely chop slaw.  Add slaw, chicken and onion to curry mixture; mix well.  Cover and chill for 1 hour or up to 24 hours."", ""Spoon 2 teaspoons filling onto each wrapper.  Moisten edges with water.  Fold wrappers in half over filling.  (For wontons, fold one corner over filling to opposite corner).  Fold pleats along edges and press to seal."", ""Arrange potstickers, pleated edges up, on a lightly floured baking sheet, pressing gently to fatten bottoms.  Cover until read to cook."", ""Heat 2 tbsp cooking oil in a 12-inch skillet.  Arrange half of the pot stickers, pleated edges up, in skillet.  Cook, uncovered over medium heat for 1-2 minutes or til bottoms are light brown.  Reduce heat to low."", ""Remove from heat; carefully add 2/3 cup water all at once near edge (oil may splatter).  Return to heat.  Cover and cook 10 minutes more.  Increase heat to medium-high.  Uncover; cook 3-5 minutes or til filling is no longer pink and water is evaporated."", ""Add 2 teaspoons oil.  Lift and tilt skillet to coat potsticker bottoms.  Cook uncovered 1 minute more.  Gently remove potstickers from skillet.  Drain on paper towels.  Keep warm in a 300 degree F oven.  Repeat with remaining potstickers."", ""To make ahead:  Cover uncooked potstickers on cookie sheet and refrigerate up to 1 day.  Or, place potstickers in a shallow freezer container with a tight-fitting lid.  Freeze up to 2 weeks.  Let thaw 30 minutes before cooking.""]",1.0,1 (617 g),"[""weeknight"", ""60-minutes-or-less"", ""time-to-make"", ""course"", ""main-ingredient"", ""cuisine"", ""preparation"", ""occasion"", ""healthy"", ""appetizers"", ""poultry"", ""vegetables"", ""asian"", ""easy"", ""diabetic"", ""dinner-party"", ""holiday-event"", ""chicken"", ""dietary"", ""low-saturated-fat"", ""low-in-something"", ""meat"", ""chicken-breasts"", ""broccoli"", ""onions""]"
542460,Dharmeen's Tendli Ki Sabzi,"This is a super easy, simple and very delicious tendli recipe which I feel that every Indian household should make and enjoy to the fullest. It is heartfriendly and good for diabetics as well.","[""ivy gourd"", ""cumin seeds"", ""chopped garlic"", ""chopped ginger"", ""green chilies"", ""white sesame seeds"", ""rice brain oil"", ""turmeric powder"", ""red chili powder"", ""chopped coriander leaves"", ""garam masala powder"", ""coriander powder""]","[""1 . 1/2 kg ivy gourd"",""2 . 1 tsp. cumin seeds"",""3 . 1 tsp. peeled and finely chopped garlic"",""4 . 1 tsp. finely chopped ginger"",""5 . 1 tsp. sugar"",""6 . 1 green chilies, slit"",""7 . 1 tsp. white sesame seeds"",""8 . 1 tbsp. rice brain oil"",""9 . 1 . 5 tsp salt"",""10 . 1/2 tsp. turmeric powder"",""11 . 1/4 tsp. red chili powder"",""12 . 2 tbsps. finely chopped coriander leaves, to garnish"",""13 . 1/2 tsp. garam masala powder"",""14 . 1/2 tsp. coriander powder"",""15 . water, as required""]","[""1. Heat oil in a wok."",""2. Once the oil is hot add cumin seeds and sesame seeds to it."",""3. Allow to crackle and turn lightly brown."",""4. Now fold in the chopped ginger and garlic and mix thoroughly. Cook until the raw smell is gone and it is lightly browned. After this, fold in the chopped ivy gourd. Remember to chop each of the ivy gourd into six slices each."",""5. Mix thoroughly and fold in salt to taste and turmeric powder."",""6. Cover and cook on low to medium heat for a few minutes until well-cooked."",""7. Now fold in all the spice powders, that is, red chilli powder, garam masala powder and coriander powder. Mix well."",""8. Allow to cook for a few minutes until tender. Fold in sugar and mix well. You may add some water as is required to cook the vegetable. I prefer it to be dry."",""9. Garnish with fresh finely chopped coriander leaves and serve hot with Indian flatbreads."",""10. Enjoy!""]",23.0,1 (159 g),"[""60-minutes-or-less"",""time-to-make"",""main-ingredient"",""cuisine"",""preparation"",""for-1-or-2"",""vegetables"",""indian"",""diabetic"",""vegetarian"",""dietary"",""number-of-servings""]"
511899,Kimchi (By an Irishman),My spin on the classic Korean spicy cabbage.,"[""napa cabbage"", ""daikon radish"", ""green onions"", ""salt Himalayan fan"", ""garlic cloves"", ""ginger"", ""korean red pepper powder"", ""fish sauce""]","[""2   lbs    napa cabbage"",""1/4  lb    daikon radish"",""2       green onions"",""2 1/2  tablespoons    salt (I\u0027m a Himalayan pink fan!)"",""2   tablespoons    sugar"",""6       garlic cloves"",""2   tablespoons    ginger"",""1/2  cup    korean red pepper powder (adjust to taste)"",""1   tablespoon    fish sauce (adjust to taste)""]","[""Cut cabbage in one inch bands. Separate leaves. Place in large bowl. Sprinkle with 2 T of salt (save 1/2 T for final mix) and mix salt in well making sure every leaf gets some. Cover and let sit for 6 hours or so until cabbage is wilted. Rinse well."", ""After wilting, I like to sift through and break in half (vertically) some of the larger, thicker pieces of cabbage from closer to the base of the leaves. Not required, but I think it makes for a better balanced final product."", ""Cut Daikon into matchstick pieces 1 to 2 inches long. Chop green onions across in bands, or lengthwise in strips as preferred. Mince garlic and ginger. I usually do this preparation while the cabbage is wilting."", ""Mix everything in bowl then pack semi-tight in jars and put on lids."", ""Store in cool dark place. Check daily after 3 days, continuing to check periodically until fermented to your taste. Could take a week or so. Refrigerate when down. Keeps well in the refrigerator for a couple of weeks."", ""The preparation time listed is in reference to the actual hands-on labor. It does not take into account the wilting time or, of course, the fermentation time.""]",20.0,1 (58 g),"[""60-minutes-or-less"", ""time-to-make"", ""course"", ""main-ingredient"", ""cuisine"", ""preparation"", ""for-large-groups"", ""salads"", ""snacks"", ""vegetables"", ""asian"", ""korean"", ""vegetarian"", ""dietary"", ""free-of-something"", ""greens"", ""number-of-servings""]"
327533,Vegan Pumpkin Pie Smoothie,I found this out of a magazie. Extremely good!,"[""canned pumpkin"", ""ice cubes""]","[""1/2  cup    canned pumpkin"",""1/2  cup    soymilk"",""3       ice cubes"",""1   tablespoon    honey""]","[""Place all ingredients in a blender and blend for 2-3 minutes."", ""Enjoy! :).""]",1.0,1 (329 g),"[""15-minutes-or-less"", ""time-to-make"", ""course"", ""preparation"", ""occasion"", ""for-1-or-2"", ""low-protein"", ""healthy"", ""5-ingredients-or-less"", ""beverages"", ""breakfast"", ""easy"", ""beginner-cook"", ""fall"", ""low-fat"", ""vegetarian"", ""smoothies"", ""dietary"", ""low-sodium"", ""low-cholesterol"", ""seasonal"", ""low-saturated-fat"", ""low-calorie"", ""comfort-food"", ""healthy-2"", ""low-in-something"", ""taste-mood"", ""number-of-servings"", ""3-steps-or-less""]"
405246,Swedish Red Cabbage,From Epicurious.,"[""unsalted butter"", ""tart green apples Granny Smith"", ""onion"", ""red cabbage"", ""golden brown sugar"", ""cider vinegar"", ""cloves"", ""dry red wine"", ""red currant jelly black currant jelly""]","[""1/4  cup    unsalted butter"",""4       tart green apples, peeled, cored, coarsely chopped  (such as Granny Smith)"",""1   large    onion, thinly sliced "",""2   lbs    red cabbage, shredded "",""1/4  cup   firmly packed golden brown sugar"",""2   tablespoons    cider vinegar"",""1   teaspoon    salt"",""1/4  teaspoon    ground cloves"",""1/4  teaspoon    ground allspice"",""1/3  cup    dry red wine"",""2   tablespoons    red currant jelly or 2   tablespoons    black currant jelly""]","[""Melt butter in heavy large Dutch oven over medium-high heat. Add choped apples and onion sauté until tender, about 10 minutes."", ""Stir in cabbage and cook until slightly wilted, stirring frequently, about 8 minutes. Stir in sugar, cider vinegar, salt, cloves and allspice."", ""Cover and cook until cabbage is crisp-tender, stirring occasionally, about 10 minutes."", ""Uncover, add dry red wine and jelly and cook 5 minutes longer. Season to taste with salt and pepper."", ""Serve warm, room temperature or chilled. (Cabbage can be prepared 1 day ahead. Cover and refrigerate. Reheat over low heat if serving warm.).""]",8.0,1 (254 g),"[""30-minutes-or-less"", ""time-to-make"", ""course"", ""main-ingredient"", ""cuisine"", ""preparation"", ""occasion"", ""low-protein"", ""healthy"", ""side-dishes"", ""vegetables"", ""german"", ""european"", ""winter"", ""dietary"", ""low-cholesterol"", ""seasonal"", ""low-calorie"", ""inexpensive"", ""healthy-2"", ""low-in-something"", ""greens""]"
254152,Debbie's Spinach or Broccoli Quiche,"Very simple, very quick, and very tasty.  Non-dairy creamer, soy milk, rice milk etc. may be substituted for the milk.  Approximately 1 TBs. of garlic salt may be substituted for the onion soup mix.","[""pie crust"", ""frozen broccoli spinach"", ""onion"", ""milk"", ""onion soup mix""]","[""1       pie crust"",""1 (10   ounce) package   frozen broccoli (defrosted) or 1 (10   ounce) package   spinach (defrosted)"",""1       onion, chopped "",""1/2  cup    milk"",""3 -4   tablespoons    onion soup mix (which equals approximately 3/4 of a packet)""]","[""Preheat oven to 350 degrees."", ""Bake pie crust 5-10 minutes [optional]."", ""Saute the onions and vegetables."", ""Mix everything together and pour into pie crust."", ""Bake at 350 degrees for about 40 minutes or until done.""]",6.0,1 (91 g),"[""60-minutes-or-less"", ""time-to-make"", ""course"", ""main-ingredient"", ""preparation"", ""main-dish"", ""eggs-dairy"", ""vegetables"", ""kosher"", ""vegetarian"", ""eggs"", ""dietary"", ""one-dish-meal"", ""broccoli"", ""onions""]"
535214,Garbanzo Bean and Avacado Salad,Great summertime side.,"[""olive oil"", ""lime juice"", ""cumin"", ""chili powder"", ""cilantro"", ""garbanzo beans"", ""cucumber"", ""tomatoes"", ""avocados"", ""sprigs green onions chopped""]","[""2   tablespoons    olive oil"",""1/4  cup    lime juice"",""2   teaspoons    cumin"",""2   teaspoons    chili powder"",""1/4  cup    cilantro"",""2 (15   ounce) cans   garbanzo beans"",""1       cucumber"",""3       tomatoes"",""2       avocados"",""5   sprigs    green onions, chopped ""]","[""Mix first 5 ingredients together and set aside."", ""Rinse garbanzo beans and set in mixing bowl.  Cut cucumbers, avacados, and tomatoes, and mix with garbanzo beans."", ""Slice avacados and mix with bean mixture.  Mix dressing with the salad and top with green onions.""]",6.0,1 (349 g),"[""15-minutes-or-less"", ""time-to-make"", ""course"", ""preparation"", ""occasion"", ""low-protein"", ""healthy"", ""salads"", ""side-dishes"", ""easy"", ""picnic"", ""spring"", ""summer"", ""dietary"", ""low-sodium"", ""low-cholesterol"", ""seasonal"", ""low-saturated-fat"", ""low-calorie"", ""healthy-2"", ""low-in-something"", ""to-go"", ""3-steps-or-less""]"
133422,Lime &amp; Mustard Chicken Noodle Soup,"After trying various different combinations over the past few weeks, I have found this simple soup to be one of the best. I found this to be best served with a soft wholemeal bread roll. Medium rice noodles work best, as they absorb more flavour. Cooking time accounts for the time taken by the chicken to cook.","[""rice noodles"", ""chicken breast"", ""frozen peas"", ""English mustard"", ""lime juice"", ""cinnamon"", ""ginger"", ""chili flakes"", ""salt pepper""]","[""  rice noodles (medium)"",""150   ml    water (approx)"",""1   small    chicken breast (cooked)"",""2 -3   tablespoons    frozen peas (adjust to suit)"",""1 -2   tablespoon    English mustard (yellow)"",""1       lime, juice of"",""1/2  tablespoon    ground cinnamon"",""1/2  tablespoon    ground ginger"",""  chili flakes"",""  salt \u0026 pepper""]","[""Soak noodles in hot water to soften. Drain, then set aside with a touch of oil to prevent sticking."", ""Bring the water to a simmer and add the peas. They will cook while you get on with the rest."", ""Cut cooked chicken breast into bite-sized pieces. Different sizes make it more interesting."", ""In a small bowl, combine the chicken pieces with the Lime juice, cinnamon, ginger and chili flakes, then add these to the water &amp; peas."", ""Add the noodles, followed by the mustard, salt &amp; pepper."", ""Bring to a gentle boil, stirring occasionally. Allow the noodles time to absorb the flavours of the mustard and lime before serving."", ""Enjoy.""]",1.0,1 (393 g),"[""30-minutes-or-less"", ""time-to-make"", ""course"", ""main-ingredient"", ""preparation"", ""for-1-or-2"", ""clear-soups"", ""lunch"", ""soups-stews"", ""poultry"", ""easy"", ""beginner-cook"", ""chicken"", ""dietary"", ""low-sodium"", ""low-calorie"", ""low-carb"", ""inexpensive"", ""low-in-something"", ""meat"", ""chicken-breasts"", ""number-of-servings""]"
163469,Quick Warm Fruit Salad,"Came up with this on a chilly night when I didnt want anything heavy or sweet, but warm and comforting. Just make sure that your custard is lite, or get the diet stuff from the supermarket.","[""cantaloupe rockmelon"", ""pawpaw"", ""kiwi fruit"", ""strawberries"", ""persimmons"", ""banana"", ""custard"", ""cinnamon""]","[""1   slice    cantaloupe, diced  (rockmelon)"",""1   slice    pawpaw, diced "",""1   small    kiwi fruit, peeled "",""2   small    strawberries, diced "",""2 -3   slices    persimmons"",""1/2      banana, sliced "",""2 -4   tablespoons    prepared custard"",""1   teaspoon    cinnamon""]","[""Put all fruit into a cup."", ""Add custard and cinamon."", ""Stir."", ""Put in microwave for 30 seconds."", ""Enjoy.""]",1.0,1 (145 g),"[""15-minutes-or-less"", ""time-to-make"", ""course"", ""main-ingredient"", ""preparation"", ""for-1-or-2"", ""desserts"", ""lunch"", ""snacks"", ""fruit"", ""easy"", ""microwave"", ""beginner-cook"", ""diabetic"", ""kid-friendly"", ""dietary"", ""melons"", ""tropical-fruit"", ""bananas"", ""kiwifruit"", ""equipment"", ""number-of-servings"", ""presentation"", ""served-hot""]"
382502,"Asparagus, Mushroom and Cheese Omelet With Herbs","Truly outstanding! Try this omelet if you want something a bit different than the usual, you will be glad you did. Tip: I use frozen asparagus spears that I lightly steam along with the fresh mushrooms in the microwave.","[""chopped fresh thyme"", ""asparagus spears"", ""brown button mushroom"", ""unsalted butter"", ""shredded cheddar cheese"", ""sprig fresh thyme""]","[""2 -3   large    eggs"",""1   tablespoon    water"",""1   dash    ground black pepper"",""1/8-1/4  teaspoon   finely chopped fresh thyme"",""3 -4       asparagus spears, lightly steamed "",""1 -2      italian brown button mushroom, in 1/4-inch thick slices, lightly steamed "",""2   tablespoons    unsalted butter"",""1/4  cup   shredded cheddar cheese"",""1   sprig    fresh thyme, for garnish ""]","[""Heat medium skillet over medium-high heat for a minute or two, until hot."", ""Reduce heat to medium and add the butter, swirling to coat the bottom of the pan evenly."", ""In a small bowl, use a fork to whisk together the eggs with the water and the pepper."", ""When butter is melted and sizzling, pour the egg mixture all at once into the pan."", ""Place the asparagus in one layer over the eggs, and place the sliced mushrooms down the center, sprinkle evenly with thyme."", ""Reduce heat to low, cover and cook over low heat for about 3 minutes, until omelet is almost completely set."", ""Sprinkle evenly with the cheese, cover pan, and continue to cook over low heat for another minute or two, until cheese is melted and omelet is set."", ""Off the heat, and use a wide spatula to carefully fold omelet in half."", ""Gently slide omelet out of the pan and onto a warmed plate. Drizzle with any remaining melted butter in the pan."", ""Garnish with a sprig of thyme.""]",1.0,1 (234 g),"[""15-minutes-or-less"", ""time-to-make"", ""course"", ""main-ingredient"", ""cuisine"", ""preparation"", ""occasion"", ""north-american"", ""for-1-or-2"", ""very-low-carbs"", ""omelets-and-frittatas"", ""breakfast"", ""eggs-dairy"", ""vegetables"", ""easy"", ""european"", ""kid-friendly"", ""vegetarian"", ""cheese"", ""eggs"", ""dietary"", ""low-sodium"", ""comfort-food"", ""low-carb"", ""low-in-something"", ""asparagus"", ""brunch"", ""taste-mood"", ""savory"", ""number-of-servings"", ""presentation"", ""served-hot""]"
408078,Cucumber-Only Salad,"Simple, without the onion and tomatoes that most cucumber recipes call for.  A lot of people in my family hate the texture of those veggies so this is my alternative. Couldn't get any easier than this.","[""cucumber"", ""fat Italian salad dressing""]","[""1       cucumber"",""4   tablespoons    fat-free Italian salad dressing""]","[""Peel cucumber and slice."", """"De-gut"" center of cucumber to take away seeds and \""mushy\"" part."", ""Put cucumber slices in bowl and pour fat free italian dressing on top."", ""Best if chilled overnight, but can be eaten right away.""]",1.0,1 (178 g),"[""weeknight"", ""15-minutes-or-less"", ""time-to-make"", ""course"", ""main-ingredient"", ""preparation"", ""occasion"", ""for-1-or-2"", ""low-protein"", ""healthy"", ""5-ingredients-or-less"", ""salads"", ""side-dishes"", ""vegetables"", ""easy"", ""no-cook"", ""refrigerator"", ""potluck"", ""dinner-party"", ""kid-friendly"", ""low-fat"", ""vegetarian"", ""dietary"", ""low-cholesterol"", ""low-saturated-fat"", ""low-calorie"", ""low-carb"", ""inexpensive"", ""toddler-friendly"", ""low-in-something"", ""to-go"", ""equipment"", ""number-of-servings"", ""presentation"", ""served-cold"", ""technique""]"
178785,Easy Veggie Chili,"I came up with this recipe one night when I was looking for something a) healthy b) fast and c) spicy for dinner. It's quick, yummy and was big hit when I made it for a family dinner. Hope you enjoy it!","[""olive oil"", ""frozen peppers onions"", ""minced garlic"", ""can tomato sauce chili"", ""diced tomatoes"", ""diced green chilies"", ""taco seasoning spice"", ""chili powder"", ""cumin"", ""kidney beans"", ""black beans"", ""can chickpeas"", ""frozen corn"", ""salt pepper""]","[""  olive oil"",""1   cup    frozen peppers and onions"",""1   tablespoon   of minced garlic"",""1 (28   ounce) can   tomato sauce (I didn\u0027t use the entire can, but I guess this depends on how think or thin you like your chili!)"",""2 (8   ounce) cans   diced tomatoes"",""1 (4   ounce) can   diced green chilies"",""1 (1 1/4  ounce) packet   taco seasoning (You choose the spice level, mild or hot)"",""1/2  teaspoon    chili powder"",""1   tablespoon    ground cumin"",""1 (8   ounce) can   kidney beans"",""1 (8   ounce) can   black beans"",""1 (8   ounce) can   chickpeas"",""1   cup    frozen corn"",""  salt and pepper""]","[""Heat a few tablespoons of olive oil in a large pot. Fry the onions/peppers, and garlic for about 5 minutes."", ""Add the diced tomatoes, sauce, green chili’s, taco seasoning, chili and cumin powder."", ""Bring to a boil, and then add all the beans."", ""Cook for 25 mins on medium flame."", ""Add corn and cook for another 5 minutes."", ""Serve with shredded cheddar cheese and/or sour cream.""]",4.0,1 (550 g),"[""60-minutes-or-less"", ""time-to-make"", ""course"", ""main-ingredient"", ""preparation"", ""main-dish"", ""beans"", ""vegetables"", ""easy"", ""vegan"", ""vegetarian"", ""chili"", ""stove-top"", ""dietary"", ""black-beans"", ""chick-peas-garbanzos"", ""tomatoes"", ""equipment""]"
413140,Cheesy Cauliflower Gratin / Casserole,Another use for mushroom soup.,"[""cauliflower"", ""condensed cream mushroom soup"", ""low - fat milk"", ""black pepper"", ""swiss cheese shredded"", ""white cheddar cheese shredded"", ""breadcrumbs""]","[""1   head    cauliflower, cut into florets "",""1 (10 1/2  ounce) can   condensed cream of mushroom soup"",""1/4  cup    1% low-fat milk"",""1/4  teaspoon    black pepper"",""1   dash    turmeric"",""1/2  cup    swiss cheese, shredded "",""1/2  cup    white cheddar cheese, shredded "",""1/2  cup    breadcrumbs""]","[""Steam the broccoli florets until somewhat tender, about 10-15 minutes. I use frozen pre-cut which takes about 15."", ""In a gratin dish or 11 x 7 casserole dish, mix the mushroom soup with the milk, season with the pepper and turmeric."", ""Mix in the cheeses."", ""Coat the cauliflower in this mixture, cover with the breadcrumbs."", ""Bake for 20-25 minutes at 350F or until golden brown on top, broil for an extra 5 minutes for an extra crispy top.""]",6.0,1 (140 g),"[""60-minutes-or-less"", ""time-to-make"", ""course"", ""main-ingredient"", ""preparation"", ""occasion"", ""casseroles"", ""side-dishes"", ""eggs-dairy"", ""vegetables"", ""oven"", ""potluck"", ""vegetarian"", ""cheese"", ""dietary"", ""low-calorie"", ""low-carb"", ""low-in-something"", ""cauliflower"", ""to-go"", ""equipment""]"
369280,Forum Famous Cheese Ring,"I've had this recipe at many women's happy hours and luncheons. I made it for my niece's wedding in Cincinnati and it was the HIT  of the party!! So simple, but absolutely lovely!!","[""shredded cheddar cheese"", ""onion"", ""mayonnaise"", ""chopped pecans"", ""garlic clove"", ""Tabasco sauce"", ""raspberry preserves""]","[""1   liter   b. shredded cheddar cheese"",""1   medium    onion, grated "",""3/4  cup    mayonnaise"",""1   cup   finely chopped pecans"",""1       garlic clove"",""1/2  teaspoon    Tabasco sauce"",""1 (14   ounce) jar   raspberry preserves""]","[""Mix all ingredients, EXCEPT Raspberry Preserves together and place in a spring form pan. Refrigerate for at least 2 hours, no more than 10."", ""Remove from spring form pan and place on serving dish and cover with 1 jar of Raspberry preserves. Surround with crackers and serve!"", ""YUMMY!""]",1.0,1 (1119 g),"[""15-minutes-or-less"", ""time-to-make"", ""course"", ""main-ingredient"", ""preparation"", ""occasion"", ""appetizers"", ""eggs-dairy"", ""easy"", ""beginner-cook"", ""holiday-event"", ""vegetarian"", ""cheese"", ""dietary"", ""high-calcium"", ""high-in-something"", ""3-steps-or-less""]"
375337,Chilies En Nogada for Mexican Independence Day,"Entered for safe-keeping.  From about.com. Green chile, white walnut sauce and red pomegranate- the colors of the Mexican flag. This dish is a Mexican Independence day favorite, a seasonal specialty of the Mexican State of Puebla in the Central Region.","[""green chilies"", ""crema sour cream"", ""evaporated milk"", ""walnuts"", ""pomegranate seeds"", ""ground pork ground beef"", ""garlic cloves"", ""onion"", ""lard vegetable oil"", ""apple"", ""unsalted almonds chopped"", ""cinnamon"", ""nutmeg"", ""cumin"", ""fresh parsley"", ""raisins warm water""]","[""6   large    green chilies, for stuffing "",""3/4  cup    crema or 3/4  cup    sour cream"",""1/2  teaspoon    sugar"",""1/4  cup    evaporated milk"",""1/2  cup    walnuts, finely chopped "",""1       pomegranate, seeds separated "",""1/2  lb    ground pork or 1/2  lb    ground beef"",""3       garlic cloves"",""1/4      onion, peeled and diced  (about 1/4 cup)"",""1   tablespoon    lard or 1   tablespoon    vegetable oil"",""1       apple, peeled, cored and seeded, coarsely chopped "",""2   tablespoons    unsalted almonds, chopped "",""1/4  teaspoon    cinnamon"",""1   pinch    nutmeg"",""1/4  teaspoon    cumin"",""1   bunch    fresh parsley, coarsely chopped "",""2   tablespoons    raisins, softened in warm water "",""3       eggs""]","[""Roast the chiles and remove the skins and seeds."", ""Heat the oil or lard over medium heat in a large pan. Add in the beef or pork and brown until nearly done."", ""Add in the garlic, onion, apple, almonds, cinnamon, nutmeg, cumin, pinch of salt and pepper and cook for about 5 minutes."", ""Beat the egg whites to stiff peaks with a mixer or a whisk. Fold in the egg yolks and a pinch of salt."", ""Dip each stuffed chile in the egg mixture and fry until golden brown."", ""Stuff the chiles with equal portions of the stuffing."", ""Blend or mix the crema, walnuts and sugar with the evaporated milk. Pour over the freshly cooked chiles and sprinkle with pomegranate seeds.""]",6.0,1 (237 g),"[""60-minutes-or-less"", ""time-to-make"", ""course"", ""main-ingredient"", ""cuisine"", ""preparation"", ""occasion"", ""north-american"", ""appetizers"", ""fruit"", ""vegetables"", ""mexican"", ""potluck"", ""finger-food"", ""heirloom-historical"", ""holiday-event"", ""picnic"", ""summer"", ""nuts"", ""stove-top"", ""seasonal"", ""peppers"", ""to-go"", ""equipment"", ""presentation""]"
435091,Lemony Light Waldorf Salad,Yet another delicious version of the adaptable Waldorf Salad.,"[""raw honey agave nectar"", ""lemon juice"", ""tahini"", ""baby lettuces spring greens"", ""red apples chopped"", ""celery ribs"", ""red grapes"", ""walnuts""]","[""1/2  cup    raw honey or 1/2  cup    agave nectar"",""1       lemon, juice of "",""1/4  cup    tahini"",""4   cups    mixed baby lettuces and spring greens"",""2       red apples, chopped "",""3       celery ribs, diced "",""2   cups    red grapes"",""1   cup    walnuts""]","[""Combine honey, lemon and tahini in large mixing bowl and whisk together until well incorporated."", ""Place remaining ingredients in bowl and mix gently until everything is coated with dressing."", ""Transfer to salad plates and dust with cinnamon.""]",2.0,1 (668 g),"[""15-minutes-or-less"", ""time-to-make"", ""course"", ""main-ingredient"", ""preparation"", ""for-1-or-2"", ""low-protein"", ""healthy"", ""salads"", ""fruit"", ""vegetables"", ""easy"", ""vegetarian"", ""nuts"", ""dietary"", ""low-sodium"", ""low-cholesterol"", ""low-saturated-fat"", ""healthy-2"", ""low-in-something"", ""apples"", ""greens"", ""number-of-servings"", ""3-steps-or-less""]"
19002,Raspberry-Fudge Truffles,A Southern-Living classic! This wonderful recipe will have you friends thinking you went to French bakery! It's well worth the effort!,"[""white chocolate baking"", ""baking chocolate"", ""semi - sweet chocolate chips"", ""cream cheese"", ""seedless raspberry preserves"", ""raspberry liqueur"", ""vanilla wafer crumbs""]","[""1   tablespoon    shortening"",""3 (1   ounce)    white chocolate baking squares"",""10 (2   ounce)    baking chocolate squares"",""2 (12   ounce) cups   semi-sweet chocolate chips"",""2 (8   ounce) packages   cream cheese"",""1   cup    seedless raspberry preserves"",""2   tablespoons    raspberry liqueur"",""1 1/2  cups    vanilla wafer crumbs""]","[""Microwave choc."", ""chips on high 2 minutes, stirring every 30 seconds."", ""Beat cream cheese until smooth."", ""Add melted choc."", "",preserves, and liqueur, until well blended."", ""Stir in crumbs."", ""Cover and chill 2 hours."", ""Shape mixture into 1 inch balls."", ""Cover and freeze 1 hour, until firm."", ""Microwave chocolate coating 2 minutes, until melted, stir every 30 seconds."", ""Dip balls into coating."", ""Place on wax paper."", ""Put white choc."", ""and shortning in zip top bag; seal."", ""Submerge into hot water until chocolate melts."", ""knead until smooth."", ""Snip tiny hole into corner of bag, drizzle over truffles."", ""Let stand until firm."", ""Store in refig, if desired.""]",1.0,1 (4476 g),"[""60-minutes-or-less"", ""time-to-make"", ""course"", ""main-ingredient"", ""cuisine"", ""preparation"", ""occasion"", ""fudge"", ""desserts"", ""fruit"", ""french"", ""european"", ""refrigerator"", ""holiday-event"", ""candy"", ""chocolate"", ""dietary"", ""valentines-day"", ""berries"", ""raspberries"", ""equipment"", ""number-of-servings""]"
97016,Texas Okra Fingers  W/ Jalapeno Sour Cream,"I got this from the HEB website and really liked them. Make a bunch and reheat later on a cookie sheet. You can serve with just plain sour cream, Ranch dressing or with the suggested flavored sour cream.","[""jalapenos"", ""fat sour cream fat free sour cream"", ""low - fat milk nonfat milk"", ""Mexican cornbread mix"", ""frozen okra"", ""oil""]","[""2       jalapenos, seeded and chopped fine  (wear gloves)"",""2   cups    low-fat sour cream or 2   cups    fat free sour cream"",""1       egg, slightly beaten "",""2/3  cup    low-fat milk or 2/3  cup    nonfat milk"",""1 (6   ounce) package   Mexican cornbread mix"",""1 (16   ounce) package  whole frozen okra"",""  oil (for frying)""]","[""Combine the peppers and sour cream."", ""Chill till ready to use."", ""In a small bowl combine beaten egg and milk and set aside."", ""Place cornbread mix in a plastic or paper bag and set aside."", ""Dip frozen okra, one at a time, in the egg/milk mixture and then shake to coat in the cornbread mix."", ""Place coated okra on a large piece of wax paper or foil."", ""Dip and coat all the okra and set aside."", ""In a medium skillet heat oil to 375 degrees."", ""Fry coated okras 4-6 at a time for 2 minutes."", ""Drain on paper towels."", ""Serve as an appetizer with the dipping sauce or with just plain sour cream."", ""YUMM!""]",6.0,1 (192 g),"[""60-minutes-or-less"", ""time-to-make"", ""course"", ""main-ingredient"", ""preparation"", ""appetizers"", ""lunch"", ""vegetables"", ""stove-top"", ""inexpensive"", ""equipment""]"
175727,Tangy Bang'n Mango Salsa,"Tangy Bang'n Fruity Hot, but really really good for you.  It's great with salty chips or baked pita points or bell pepper scoops.","[""mango"", ""roma tomatoes chopped"", ""jalapeno pepper seeds"", ""red onion"", ""spinach leaves"", ""cilantro minced cilantro"", ""garlic clove minced"", ""lemon juice"", ""vinegar""]","[""1       mango, peeled with pitt removed, chopped "",""4       roma tomatoes, chopped "",""1       jalapeno pepper, with or without seeds \u0026 membrane "",""1/2      red onion, chopped "",""1/2  cup    spinach leaves, chopped "",""1/4  cup    cilantro, minced  (feel free to cut down, I just love cilantro)"",""1 -4       garlic clove, minced "",""2   teaspoons    lemon juice"",""2   teaspoons    vinegar"",""  salt""]","[""Add ingredients together and mix. Let sit in the refrigerator for at least an hour before serving."", ""For an eaiser version I put the onion, spinach, jalapeno, cilantro, and garlic in the food processor and buzz a few times instead of hand chopping, but alway hand chop the tomato and mango since they are the stars!""]",4.0,1 (115 g),"[""15-minutes-or-less"", ""time-to-make"", ""course"", ""main-ingredient"", ""preparation"", ""occasion"", ""low-protein"", ""healthy"", ""sauces"", ""appetizers"", ""condiments-etc"", ""fruit"", ""vegetables"", ""easy"", ""no-cook"", ""diabetic"", ""dinner-party"", ""low-fat"", ""summer"", ""vegan"", ""vegetarian"", ""salsas"", ""food-processor-blender"", ""dietary"", ""low-sodium"", ""low-cholesterol"", ""seasonal"", ""low-saturated-fat"", ""low-calorie"", ""low-carb"", ""garnishes"", ""inexpensive"", ""healthy-2"", ""low-in-something"", ""tropical-fruit"", ""mango"", ""peppers"", ""tomatoes"", ""brunch"", ""equipment"", ""small-appliance"", ""3-steps-or-less"", ""technique""]"
397753,Mango-Peach Sangria,"""John Besh of Restaurant August in New Orleans serves this lightly sweet, fruity white-wine sangria over plenty of ice cubes. “Use Viognier—it has a nice balance of fruit and acidity,” he says.""  Recipe from Food & Wine Magazine and is touted as the ""perfect sangria"".","[""white wine Viognier"", ""mango chopped"", ""peaches""]","[""1/3  cup    sugar"",""1/3  cup    water"",""1   cup    Grand Marnier"",""1 (750   ml) bottle   white wine (they recommend Viognier)"",""1       mango, chopped "",""2       peaches, cut into thin wedges "",""1/4  cup    mint""]","[""In a saucepan, cook the sugar and water until the sugar dissolves; transfer to a pitcher and refrigerate until cold."", ""Stir in the Grand Marnier, Viognier, mango, peaches and mint."", ""Serve over ice.""]",4.0,1 (385 g),"[""30-minutes-or-less"", ""time-to-make"", ""course"", ""main-ingredient"", ""preparation"", ""occasion"", ""beverages"", ""fruit"", ""easy"", ""dinner-party"", ""vegan"", ""vegetarian"", ""cocktails"", ""punch"", ""dietary"", ""pitted-fruit"", ""peaches"", ""tropical-fruit"", ""mango"", ""presentation"", ""served-cold"", ""3-steps-or-less""]"
153550,Tropical Trifle,A different version to the usually strawberry flavoured classic trifle I adapted this from a women's weekly recipe where you made your own Swiss roll and custard so I made it a bit easier and quicker but a great tasting trifle,"[""sponge cake"", ""lemon butter"", ""lemon jelly crystals"", ""sweet sherry"", ""heavy cream whipped"", ""mango"", ""passion fruit"", ""pauls vanilla custard""]","[""1       sponge cake"",""3/4  cup    lemon butter (240g)"",""2 (85   g)    lemon jelly crystals"",""1/2  cup    sweet sherry"",""300 -600   ml    heavy cream, whipped "",""1       mango"",""2       kiwi fruits"",""2       passion fruit"",""2 (500   g) containers  of pauls premium vanilla custard""]","[""Make jelly according to directions on packet and place in fridge until almost set."", ""Cut sponge cake in half and spread lemon butter on one half of the cake and then replace the the other half back on top."", ""Cut cake into square pieces and place in and around trifle bowl."", ""Sprinkle with sherry."", ""Pour almost set jelly on top of sponge and refrigerate til set."", ""Pour custard over jelly refrigerate til cold."", ""Decorate with whipped cream and fruit.""]",8.0,1 (194 g),"[""30-minutes-or-less"", ""time-to-make"", ""course"", ""preparation"", ""occasion"", ""desserts"", ""easy"", ""dinner-party"", ""holiday-event""]"
324003,Orange and Balsamic Beetroot (Beet),This recipe comes from Super Food Ideas magazine.You could also roast onions with the beetroot.,"[""balsamic vinegar"", ""orange juice"", ""brown sugar"", ""olive oil"", ""beetroots""]","[""2   tablespoons    balsamic vinegar"",""1/3  cup    orange juice"",""2   tablespoons    brown sugar"",""1   tablespoon    olive oil"",""6   medium    beetroots""]","[""Preheat oven to 220°C"", ""Combine vinegar, orange juice, sugar, oil, and salt and pepper in a jug. Whisk to combine, then pour into a baking dish."", ""Trim beetroot stalks, leaving 3cm attached. Gently scrub beetroot (don""t peel). Pat-dry with paper towels."", ""Add beetroot to baking dish, tossing to coat with orange juice mixture. Cover with foil and roast for 1 hour or until just tender."", ""Cut beetroot in half and serve drizzled with pan juices.""]",4.0,1 (114 g),"[""time-to-make"", ""course"", ""main-ingredient"", ""preparation"", ""occasion"", ""5-ingredients-or-less"", ""side-dishes"", ""vegetables"", ""easy"", ""dinner-party"", ""spring"", ""vegan"", ""vegetarian"", ""winter"", ""dietary"", ""seasonal"", ""presentation"", ""served-hot"", ""4-hours-or-less""]"
216377,Fantastic Strawberry-Banana Trifle,"This is one of the best trifles, angel food cake, fruit, and then a delicious light whipped fluff in between the layers, this is SO DELICIOUS!!!! This can be completely prepared well in advance and refrigerated until serving which makes this the perfect dessert to serve to guests. You can change the fruit to whatever you like and use whatever flavor pudding mix you like, you could use a chocolate angel food cake instead of the white. Make certain to soak the banana slices in the pineapple juice for about 5-8 minutes so they will not turn brown. This can really be layered anyway you desire, you will get rave reviews when you serve this to family or friends!","[""frozen whipped topping whipped cream"", ""sour cream"", ""angel food cake"", ""cream cheese flavor instant pudding mix vanilla pudding mix"", ""kiwi fruits"", ""fresh strawberries"", ""bananas"", ""crushed pineapple""]","[""1 (12   ounce) container  cool whip frozen whipped topping, thawed  (or use whipped cream)"",""1 (8   ounce) container   sour cream"",""1 (9   inch)    angel food cake"",""1 (3 1/2  ounce) package  cream cheese flavor instant pudding mix (or use vanilla pudding mix)"",""3   large    kiwi fruits, peeled and sliced "",""1   pint    fresh strawberries, sliced "",""3 -4       bananas, sliced "",""2 (15   ounce) cans   crushed pineapple (drained, can use one can, I use two!)""]","[""Prepare a large clear glass trifle bowl or a large glass serving bowl."", ""Drain the pineapple then soak the banana slices in the juice for 5-8 minutes before using for the trifle."", ""In a bowl fold the sour cream with the unprepared cream cheese pudding mix and Cool Whip topping until well combined."", ""Using a serrated knife slice the cake into thirds horizontally."", ""Line the large trifle dish with strawberry and kiwi slices (save some strawberry slices to decorate the top of the trifle)."", ""Place one layer of the cake into the bottom if the trifle dish, then top with 1/3 of the banana slices and then spoon and spread 1/3 of the crushed pineapple, then 1/3 of the Cool Whip topping mixture."", ""Repeat with the second cake slice, bananas, pineapple then Cool Whip topping."", ""Repeat one more time ending with the Cool Whip mixture on top."", ""Top with the reserved strawberry slices in decorative fashion."", ""Refrigerate until serving.""]",10.0,1 (248 g),"[""30-minutes-or-less"", ""time-to-make"", ""course"", ""main-ingredient"", ""preparation"", ""occasion"", ""low-protein"", ""healthy"", ""desserts"", ""eggs-dairy"", ""fruit"", ""easy"", ""refrigerator"", ""beginner-cook"", ""dinner-party"", ""holiday-event"", ""kid-friendly"", ""cakes"", ""dietary"", ""christmas"", ""independence-day"", ""inexpensive"", ""low-in-something"", ""berries"", ""strawberries"", ""taste-mood"", ""sweet"", ""equipment""]"
443132,Oh Sweet Cheese!,"Aren't I creative to come up with such a nice title for a gift basket. This is perfect if you're having a wine and cheese party, because what else are you going to have with wine and cheese but fruits and sweets with your wine and cheese. In this list, you can set aside the dried fruits and cheeses for the guests, and leave the remaining ingredients as a gift for the host so he/she can include them in their favourite cookies or cakes.","[""dried cranberries"", ""golden raisin"", ""raisin"", ""dried fig"", ""vanilla baking chips"", ""semisweet chips"", ""milk chocolate chips"", ""neufchatel cheese"", ""blue cheese"", ""asiago cheese"", ""icing sugar"", ""dark brown sugar""]","[""1   cup    dried cranberries"",""1   cup    golden raisin"",""1   cup    dark raisin"",""1   cup    dates, whole "",""1   cup    dried fig"",""1/2  cup    vanilla baking chips"",""1/2  cup    semisweet chips"",""1/2  cup    milk chocolate chips"",""4   ounces    neufchatel cheese"",""4   ounces    blue cheese"",""4   ounces    asiago cheese, aged "",""3/4  cup    icing sugar"",""3/4  cup    dark brown sugar""]","[""In a basket, line the bottom with multi-coloured napkins and party strings."", ""Have one container for the icing sugar and a second for the dark brown sugar and put them in the basket first. Add the dried fruits, each in their own containers or bags, and then the baking chips, separatley in their containers. Lastly, add the cheeses, still in their orginal packaging at the very top. This way, the cheeses don""t get crushed."", ""Add a pretty bow that you can tie or staple on at the top of the basket. If you are good at wrapping the basket, please do so before adding the bow.""]",10.0,1 (142 g),"[""15-minutes-or-less"", ""time-to-make"", ""course"", ""preparation"", ""occasion"", ""appetizers"", ""easy"", ""gifts"", ""3-steps-or-less""]"
409147,Crispy Chicken Broccoli Rice Casserole,This is a great twist on a family favorite.  I love the extra umph the crispiness gives to this classic casserole.,"[""chicken breast"", ""broccoli"", ""broccoli cauliflower mix"", ""shredded cheddar cheese"", ""cream mushroom soup"", ""Minute Rice"", ""garlic clove chopped"", ""small onion"", ""butter garlic herbed croutons"", ""melted butter"", ""black pepper"", ""virgin olive oil""]","[""1   lb    chicken breast"",""8   ounces    broccoli (frozen)"",""8   ounces    broccoli, cauliflower mix  (frozen)"",""8   ounces   shredded cheddar cheese"",""16   ounces   progresso cream of mushroom soup"",""16   ounces    Minute Rice (family size)"",""1       garlic clove, chopped "",""1   small    onion, chopped "",""1   cup   butter garlic herbed croutons"",""3   tablespoons   of melted butter"",""1   teaspoon    salt"",""1   teaspoon    black pepper"",""1/2  teaspoon    extra virgin olive oil""]","[""Cook vegetables- chop into small bite size pieces and then set aside."", ""Clean and rinse chicken breasts; chop into small pieces and cook in a heated frying pan with the EVOO, salt and pepper, garlic and onion."", ""In a blender, combine 1/2 of the bag of shredded cheese, mushroom soup once blended combine in a large mixing bowl with the veggies and the chicken once it is nearly cooked (if its not all the way done that""s okay because you will be cooking it in the oven for 30 minutes and you don""t want the chickent to be too tough)"", ""Add cooked rice last to your 9x11 pan- again if the rice is a bit under done it will be okay because you have to bake this once it is mixed together for about 30 minutes at 350 degrees- you don""t want it to get mushy."", ""In another small bowl combine hot melted butter and croutons until the croutons are basically reduced to buttery bread crumbs- I had to use a hard spoon to mash them down in order to get them to the right consistency.  Add the remaining cheese to the buttery crushed croutons."", ""Once you put the complete mixture in the 9x11 pan sprinkle the crouton cheese mix on top of the casserole and bake at 350 for about 30 minutes."", ""Top should be golden brown and crispy.""]",8.0,1 (218 g),"[""60-minutes-or-less"", ""time-to-make"", ""course"", ""preparation"", ""main-dish"", ""one-dish-meal""]"
242625,Simply Good Beef Stew,"A friend and I discovered this recipe a long time ago. It is easy to prepare and it's one of those recipes you can add to, or take away from (it's virtually impossible to mess up!). I like to make this early in the day, cooking it only till the veggies are crunchy. I reheat it for supper, and the veggies are fully cooked by the time it's ready to serve. Great with crusty rolls or good home-made bread. Enjoy. (I have been known to toss in a few lima beans or parsnips, or even cabbage.)","[""canola oil"", ""beef"", ""all"", ""black pepper"", ""thyme"", ""water"", ""ketchup"", ""chopped celery"", ""onion"", ""baby carrots"", ""turnip carrots"", ""medium potatoes""]","[""3   tablespoons    canola oil"",""1 1/4  lbs    lean stewing beef"",""1/3  cup    all-purpose flour"",""1   teaspoon    salt"",""1/2  teaspoon    black pepper"",""1/2  teaspoon    thyme"",""2   cups    water"",""3 -4   tablespoons    ketchup"",""1   cup   coarsely chopped celery"",""1   medium    onion, cut in chunks "",""12 -14       baby carrots"",""1   small    turnip (very small, and cut about the same size as the carrots)"",""3   medium    potatoes (washed and unpeeled)""]","[""Trim stewing beef and cut into bite-size pieces."", ""In a plastic bag, combine flour, salt, pepper and thyme."", ""Add meat to flour mixture and shake well."", ""Using a large, non-stick pot brown the meat in the Canola oil (make sure to use all the flour)."", ""When well-browned, add the 2 cups of water and the ketchup, onions and celery."", ""Cover and let simmer for about 40 minutes, stirring often to prevent sticking."", ""Add the carrots and turnips and simmer for about 10-15 minutes, again stirring occasionally."", ""Cut the unpeeled potatoes into about 1"" cubes, cover and simmer till potatoes are almost cooked, about 15 minutes."", ""Season to taste. The gravy can be thinned with a bit more water, if necessary.""]",4.0,1 (368 g),"[""time-to-make"", ""course"", ""main-ingredient"", ""cuisine"", ""preparation"", ""north-american"", ""healthy"", ""main-dish"", ""beef"", ""canadian"", ""easy"", ""beginner-cook"", ""dietary"", ""low-cholesterol"", ""low-calorie"", ""low-carb"", ""inexpensive"", ""healthy-2"", ""ontario"", ""low-in-something"", ""meat"", ""4-hours-or-less""]"
446936,Nutty Chocolate-Raspberry Thumbprint Cookies,Adapted from Cook's Country.  This recipe was a finalist in their 2010 Christmas Cookie contest.  It was submitted by Ronna Farley.  I prefer to use walnuts instead of pecans.,"[""cocoa"", ""baking powder"", ""baking soda"", ""butter"", ""vanilla"", ""pecans"", ""seedless raspberry jam"", ""white chocolate chips""]","[""1 1/2  cups    all-purpose flour"",""1/2  cup   dutch-process cocoa"",""1/4  teaspoon    baking powder"",""1/4  teaspoon    baking soda"",""1/4  teaspoon    salt"",""8   tablespoons    butter, softened  (1/4 pound, or 1 stick)"",""1   cup    sugar"",""1   large    egg"",""1 1/2  teaspoons    vanilla extract"",""1   cup    pecans, toasted and finely chopped "",""6   tablespoons    seedless raspberry jam"",""1/2  cup    white chocolate chips, melted ""]","[""Preheat oven to 350°F."", ""Combine flour, cocoa, baking powder, baking soda and salt, and set aside."", ""Beat butter and sugar together until light and fluffy."", ""Add egg and vanilla and mix until just combined."", ""Add flour mixture, and mix until just combined."", ""Take 1 tablespoon of dough and shape into a 1"" ball."", ""Roll in nuts."", ""Repeat with remaining dough."", ""Place dough balls 2"" apart on baking sheets lined with parchment paper."", ""Using a the bottom of a 1-teaspoon round measuring spoon, make an indentation in the center of each ball."", ""Fill indentations with jam."", ""Bake until cookies are set, about 10 minutes."", ""Cool 5 minutes on cookie sheets, then remove to racks."", ""When cookies are cooled, drizzle with melted chocolate."", ""These can be stored in an airtight container at room temperature for up to 3 days.""]",36.0,1 (25 g),"[""30-minutes-or-less"", ""time-to-make"", ""course"", ""main-ingredient"", ""preparation"", ""occasion"", ""for-large-groups"", ""hand-formed-cookies"", ""desserts"", ""holiday-event"", ""kid-friendly"", ""cookies-and-brownies"", ""chocolate"", ""nuts"", ""dietary"", ""christmas"", ""number-of-servings""]"
215576,Chicken Pasta Salad in Creamy Curry Dressing,"I could eat a gallon of this at least once a week! What a delicious change from the ordinary chicken pasta salad. From Gourmet Magazine, July 1990.","[""rotelle pasta pasta"", ""cooked chicken breast"", ""cherry tomatoes"", ""scallions"", ""chopped fresh basil leaf"", ""unsalted butter"", ""minced garlic"", ""minced ginger"", ""heavy cream"", ""white wine vinegar"", ""curry powder"", ""red pepper flakes"", ""mango chutney""]","[""1/4  lb    rotelle pasta or 1/4  lb   other spiral-shaped pasta, cooked and drained "",""3/4  lb    cooked chicken breast, cut into bite-sized pieces  (about 1 1/2 cups)"",""5       cherry tomatoes, quartered "",""2       scallions, sliced thin "",""1   tablespoon   finely chopped fresh basil leaf"",""1   tablespoon    unsalted butter"",""1/2  teaspoon   minced garlic"",""1   teaspoon   minced ginger"",""1/4  cup    heavy cream"",""1   tablespoon    white wine vinegar"",""3/4  teaspoon    curry powder"",""  dried red pepper flakes, to taste "",""2   tablespoons    mango chutney (or to taste)""]","[""In a large bowl combine the pasta, chicken, tomatoes, scallions, and basil. Set aside."", ""In a skillet, melt the butter over low heat. Add the garlic and ginger and cook until the garlic is softened."", ""Add the cream and cook the mixture, whisking until slightly thickened."", ""Whisk in the vinegar, curry powder, red pepper flakes, and chutney."", ""Add the dressing to the pasta mixture, tossing to combine well."", ""Season with salt and pepper.""]",2.0,1 (368 g),"[""30-minutes-or-less"", ""time-to-make"", ""course"", ""main-ingredient"", ""preparation"", ""for-1-or-2"", ""salads"", ""pasta"", ""poultry"", ""chicken"", ""meat"", ""pasta-rice-and-grains"", ""number-of-servings""]"
63909,"Peppery Turnip ""Fries""",I confess to being turnip ignorant. It seems a shame to let a perfectly good vegetable go uneaten for lack of knowledge. Then I found this recipe in ,"[""turnips"", ""grated nutmeg"", ""fresh ground pepper"", ""ground parmesan cheese"", ""olive oil"", ""lime juice""]","[""4   medium    turnips (about 1 1/2 lbs.)"",""1/2  teaspoon   grated nutmeg"",""1   teaspoon    fresh ground pepper"",""3 -4   tablespoons   freshly ground parmesan cheese"",""  olive oil"",""1   tablespoon    lime juice""]","[""Preheat the oven to 425 degrees F."", ""Lightly grease a large cookie sheet with olive oil."", ""Pare the turnips and cut them into 2 1/2 x 1/2 inch sticks."", ""Combine the spices, Parmesan and turnips in a large plastic bag."", ""Seal and shake to coat."", ""Spread the sticks in a single layer on the prepared pan and brush with a little olive oil."", ""Bake for 30-35 minutes, turning once, until spears are tender and golden."", ""Serve with or without a sprinkling of lime.""]",4.0,1 (130 g),"[""60-minutes-or-less"", ""time-to-make"", ""course"", ""main-ingredient"", ""preparation"", ""lunch"", ""side-dishes"", ""snacks"", ""vegetables"", ""vegetarian"", ""dietary""]"
418576,Indian Favourite Pav Bhaji,"Indian fast food/ street food item. Pav- bun, Bhaji- a spicy preparation of various mashed veges, served with a dollop of yummy butter!! :P Hot and delicious! together they taste perfect! Refrigerates well. We make a bigger than required batch for next day too!","[""boiled peeled potatoes"", ""large tomatoes"", ""cauliflower florets"", ""green peas"", ""chopped capsicum"", ""peeled carrots"", ""chopped onions"", ""garlic cloves"", ""fresh ginger ginger powder"", ""lemons"", ""chopped fresh coriander leaves"", ""chili powder"", ""oil olive"", ""turmeric powder"", ""soft buns"", ""butter amul pav salted"", ""pav bhaji masala"", ""red chili"", ""coriander seeds"", ""cumin seeds"", ""black pepper"", ""cinnamon"", ""cloves"", ""black cardamom pods"", ""mango powder"", ""fennel seeds"", ""anise"", ""asafoetida powder hing""]","[""10   medium   boiled and peeled potatoes"",""6   large    tomatoes"",""150   g    cauliflower florets"",""1/2  cup    green peas"",""1      chopped capsicum"",""3   medium   sized peeled carrots"",""3   big   chopped onions"",""4 -5       garlic cloves"",""1   inch   piece fresh ginger (or1/2 teaspoon ginger powder)"",""2       lemons"","" some chopped fresh coriander leaves"",""2 -3   teaspoons    chili powder"",""1 -2   tablespoon    oil (any except olive or others that have strong flavour)"",""1 1/4  teaspoons    turmeric powder"",""20      soft buns (as needed)"",""25   g    butter, i use amul. plus as much as you want to put on the pav  (salted is preferred)"",""2   tablespoons    pav bhaji masala, or "",""50   g   dry red chili"",""50   g    coriander seeds"",""25   g    cumin seeds"",""25   g    black pepper"",""25   g    cinnamon"",""25   g    cloves"",""4 -5       black cardamom pods"",""25   g    mango powder"",""10   g    fennel seeds"",""1       star anise (if available)"",""1/4  teaspoon    asafoetida powder (also called \u0027hing\u0027)""]","[""For the masala:."", ""Roast for about 1 minute all the spices separately. One after the other in same pan is ok.Its just to dry them out fully and bring out their flavours. Cool these completely."", ""Grind them together. This may make more quantity of masala than needed for this recipe. (Use 2-3 tbsp for this recipe)."", ""Store in air tight, dry containers."", ""For the gravy (Bhaji):."", ""Just blanch together peas, cauliflower,carrots."", ""Mash the potatoes. Finely chop and de-seed tomatoes. Finely chop capsicum."", ""Make a paste of ginger and garlic."", ""In a large thick bottomed deep pan heat oil. Add cumin seeds. Let them pop a little."", ""Add the ginger garlic paste, sautee for a minute. Add chopped onions."", ""Add turmeric, asefoteda and chilli powder. Also add half of the pav bhaji masala (1 -1 1/5 tbsp)."", ""Sautee till the onion turns translucent. Stir continuously to avoid sticking and burning it."", ""Drop in the blanched vegetables, tomatoes and potatoes and capsicum."", ""With a hand masher or the back of a big ladle, mash up all the vegetables inside the pan. Add 1 cup water from the blanching. Mash well."", ""Add some more water if needed to create a thick gravy consistency. Mash to bring it all together."", ""Add salt and remaining masala. Also add a dash of black pepper powder if you want more heat."", ""Check for seasoning."", ""Let it cook for 10 minutes approximately Stir occasionally."", ""Put chopped coriander leaves and some butter. Cover to keep its flavours."", ""Heat a flat pan. Slit the buns horizontally. But not completely keeping the two sides hinged to each other. Generously butter the buns ( on all sides if you wish!)."", ""Place them on the hot pan till slightly golden changing to toast all the surfaces in turn. It is a must to do this just before serving the dish as these do not taste as good if re-heated."", ""To serve:."", ""Put some bhaji, garnish it with some more coriander if you like, butter, and squeeze some lemon juice on top, place 2 pavs with it and some chopped onion to go with.""]",10.0,1 (453 g),"[""60-minutes-or-less"", ""time-to-make"", ""main-ingredient"", ""cuisine"", ""preparation"", ""vegetables"", ""asian"", ""indian"", ""vegetarian"", ""dietary""]"
110503,Vegetable Soup,I found this recipe a few years ago in New Orleans. Everyone who has ever tasted this soup say it's the best they have ever tried. You can omit the chicken and use vegetable broth instead to make it vegetarian and it's just as good. This makes alot of soup...you will need at least a 10 qt. pot. Freezes well.,"[""virgin olive oil"", ""white onion coarsley chopped"", ""celery coarsley chopped"", ""garlic cloves minced"", ""boneless skinless chicken thighs chicken breasts"", ""sodium chicken broth"", ""carrot chop"", ""mushroom"", ""green onions chopped"", ""red potatoes"", ""cabbage shredded"", ""zucchini"", ""yellow squash"", ""diced tomatoes"", ""frozen corn kernels"", ""turnip"", ""frozen chopped spinach"", ""broccoli floret"", ""sherry wine dry white wine"", ""dried sweet basil leaves"", ""poultry seasoning"", ""picante sauce salsa"", ""crushed red pepper flakes"", ""fresh ground black pepper"", ""soy sauce""]","[""1   tablespoon    extra virgin olive oil"",""1   large    white onion, coarsley chopped "",""3   stalks    celery, coarsley chopped "",""8       garlic cloves, minced "",""2   lbs    boneless skinless chicken thighs, 1/2 inch dice  (or bnls sknls chicken breasts)"",""6 (14 1/2  ounce) cans   low sodium chicken broth (or 12 cups homemade)"",""1/2  lb    carrot, rough chop "",""1/2  lb    mushroom, sliced "",""8       green onions, chopped "",""2   large    red potatoes, large dice "",""1/2  small    cabbage, shredded "",""2   small    zucchini, diced "",""2   small    yellow squash, diced "",""1 (28   ounce) can   diced tomatoes"",""1   cup    frozen corn kernels"",""1   small    turnip, diced "",""1 (10   ounce) package   frozen chopped spinach"",""1   cup    broccoli floret (fresh or frozen)"",""1/2  cup    sherry wine or 1/2  cup    dry white wine"",""1/2  teaspoon    dried sweet basil leaves"",""1   teaspoon    poultry seasoning"",""1/2  cup    picante sauce (not salsa!)"",""1/2  teaspoon    crushed red pepper flakes"",""1   teaspoon    fresh ground black pepper"",""3   teaspoons    salt"",""1   tablespoon    soy sauce"",""1   tablespoon    Kitchen Bouquet (for color)""]","[""Heat olive oil over medium heat."", ""Saute onion, celery, garlic and chicken until chicken is browned and vegetables are soft."", ""Add chicken broth and vegetables stirring after each addition."", ""Simmer for 30 minutes."", ""Add remaining ingredients and simmer over low heat for at least 3 hours."", ""Note: If you prefer, add 2 cups of cooked Orzo pasta 5 minutes before serving.""]",1.0,1 (7655 g),"[""time-to-make"", ""course"", ""main-ingredient"", ""preparation"", ""clear-soups"", ""soups-stews"", ""vegetables"", ""4-hours-or-less""]"
474860,Roasted Okra,"I've got just one okra loving-kid.  That's an amazingly low statistic because in south Louisiana and the surrounding parishes, families are raised on the stuff.  Here's a healthier version.  One thing I am certain, if you never liked it before, you won't like this either.  Note:  Make sure the okra is dried on the outside after rinsing and before coating with oil.  Oh, and I think it's best made with young, tender okra pods.  Umm, one more thing, even good grilled.","[""fresh okra"", ""olive oil"", ""salt"", ""black pepper"", ""garlic powder""]","[""4   cups    fresh okra (not frozen)"",""2   tablespoons    olive oil"",""  kosher salt"","" freshly grated black pepper"",""1   dash    garlic powder""]","[""Preheat an oven to 425 degrees."", ""Place the okra in a bowl or plastic ziplock bag and toss with olive oil.  Arrange the okra in one layer on a foil lined baking or cookie sheet. Sprinkle with salt and pepper."", ""Bake in preheated oven for 20 - 25 minutes until they turn brown and become crisp.""]",2.0,1 (107 g),"[""weeknight"", ""30-minutes-or-less"", ""time-to-make"", ""course"", ""main-ingredient"", ""preparation"", ""occasion"", ""for-1-or-2"", ""low-protein"", ""5-ingredients-or-less"", ""appetizers"", ""side-dishes"", ""vegetables"", ""oven"", ""easy"", ""dietary"", ""low-sodium"", ""low-cholesterol"", ""low-saturated-fat"", ""low-calorie"", ""low-carb"", ""healthy-2"", ""low-in-something"", ""equipment"", ""number-of-servings"", ""3-steps-or-less""]"
33112,Crispy Baked Eggplant (Aubergine),I love eggplant! This is a delicious way to prepare it. Very good!,"[""eggplant"", ""wheat germ breadcrumbs"", ""basil"", ""thyme"", ""paprika"", ""minced parsley""]","[""1   large    eggplant"",""2       eggs"",""2   tablespoons    milk"",""1   cup    wheat germ or 1   cup    breadcrumbs"",""1   teaspoon    basil"",""1   teaspoon    dill"",""1/4  teaspoon    thyme"",""  paprika"","" minced parsley""]","[""Preheat oven to 375*."", ""Slice eggplant very thin, no more than 1/4""."", ""Salt slices lightly and let them stand about 10 minutes."", ""Then pat dry with paper towels."", ""Beat the egg with milk in one bowl, combine wheat germ and herbs in another."", ""Dip the eggplant slices in liquid, then dredge in wheat germ."", ""Bake on oiled tray for 20-30 minutes until eggplant is crisp on outside.""]",4.0,1 (198 g),"[""60-minutes-or-less"", ""time-to-make"", ""preparation"", ""healthy"", ""easy"", ""low-fat"", ""vegetarian"", ""dietary"", ""low-sodium"", ""low-saturated-fat"", ""low-calorie"", ""low-in-something""]"
316718,Layered Eggplant and Polenta Casserole,"Look for precooked polenta logs in the refrigerated section of your grocery store. If using fresh plum tomatoes,, peel them by scoring an X in the bottom with a pairing knife and plunging them into boiling water for several seconds; transfer to an ice bath, and let cool. Slip off and discard peels and seeds. This recipe is for fall weather and the coming of winter - I know I am getting ahead of myself but I want to save this, MarthaStewart.com with some tweaking.","[""virgin olive oil"", ""yellow onion"", ""garlic cloves minced"", ""fresh tomatoes canned plum tomatoes coarse salt"", ""sliced mushrooms"", ""balsamic vinegar"", ""italian seasoning"", ""basil leaves"", ""ground"", ""red pepper flakes"", ""eggplants"", ""precooked polenta""]","[""2   tablespoons    extra virgin olive oil"",""1       yellow onion, cut into 1/4-inch slices "",""4       garlic cloves, minced "",""2   lbs    fresh tomatoes or 2   lbs    canned plum tomatoes, peeled and chopped with 1/4 teaspoon coarse salt "",""1/2  cup    sliced mushrooms (use button or cremini)"",""1   tablespoon    balsamic vinegar"",""1   tablespoon    italian seasoning"",""3/4  cup   loosely packed basil leaves, roughly chopped "",""  fresh ground pepper"",""  crushed red pepper flakes"",""1 1/4  lbs   medium eggplants, sliced into 1/4-inch rounds "",""16   ounces   log precooked polenta, sliced into 1/4-inch rounds ""]","[""Preheat oven to 400ºF degrees with rack in upper third."", ""In a medium saucepan, heat 1 tablespoon oil over medium heat; add the onion, garlic, and mushrooms cook, stirring, until soft and lightly golden, about 8 minutes."", ""Add tomatoes and salt, and cook, stirring occasionally, until sauce has thickened, about 30 minutes."", ""Stir in vinegar, oregano, basil &amp; Italian seasoning; season with pepper."", ""Remove sauce from heat."", ""Meanwhile, heat a large cast-iron skillet or grill pan over medium heat; lightly brush eggplant slices with the remaining tablespoon oil."", ""Working in batches, lay slices in skillet in a single layer; cook until browned and they begin to soften, 2 to 3 minutes per side."", ""Transfer to a plate."", ""Spoon about a cup tomato sauce into a 9-inch square baking dish, spreading to coat evenly; arrange eggplant slices snugly in a single layer."", ""Spoon about 1 cup tomato sauce over eggplant, and arrange polenta rounds in slightly overlapping slices on top."", ""Repeat with sauce and another layer of eggplant."", ""Finish by dotting with remaining tomato sauce."", ""Cover with foil; bake until bubbling and juicy, about 30 minutes."", ""Remove foil; continue baking until sauce is lightly caramelized and eggplant is tender, about 15 minutes more."", ""Remove from oven; let cool slightly, and serve.""]",6.0,1 (365 g),"[""time-to-make"", ""course"", ""main-ingredient"", ""cuisine"", ""preparation"", ""occasion"", ""north-american"", ""main-dish"", ""side-dishes"", ""vegetables"", ""american"", ""southern-united-states"", ""european"", ""dinner-party"", ""kosher"", ""vegetarian"", ""italian"", ""dietary"", ""mushrooms"", ""onions"", ""tomatoes"", ""brunch"", ""presentation"", ""served-hot"", ""4-hours-or-less""]"
377384,Miso Mustard Greens,From the Just Bento forums.,"[""turnips"", ""miso"", ""mustard powder"", ""mirin cooking water sauce""]","[""1   bunch    turnips or 1   bunch   other greens"",""2   tablespoons    white miso"",""1   tablespoon    mustard powder"","" about 1 tbsp mirin or  cooking water, to smooth the sauce ""]","[""Boil greens until done to your liking, drain and chop."", ""mix this sauce together until smooth and mix in with the chopped greens."", ""This much mustard powder makes it very hot. You could cut back.""]",1.0,1 (20 g),"[""15-minutes-or-less"", ""time-to-make"", ""course"", ""main-ingredient"", ""cuisine"", ""preparation"", ""for-1-or-2"", ""side-dishes"", ""vegetables"", ""asian"", ""easy"", ""vegetarian"", ""dietary"", ""greens"", ""collard-greens"", ""chard"", ""number-of-servings"", ""3-steps-or-less""]"
182689,Fruit Salad With Cannoli Cream,Originally found on foodnetwork.com with Giada De Laurentis but have made a few slight changes. This is easy to prepare and looks beautiful!,"[""whole milk ricotta cheese"", ""whipping cream"", ""whipping cream"", ""powdered sugar"", ""cinnamon"", ""fresh strawberries"", ""fresh raspberries"", ""fresh lemon juice"", ""kiwi"", ""toasted pistachio nuts chopped"", ""chocolate chips""]","[""1/3  cup    whole milk ricotta cheese"",""2   tablespoons    whipping cream"",""1/3  cup    whipping cream"",""3   tablespoons    powdered sugar"",""1   pinch    ground cinnamon"",""2 1/2  cups    fresh strawberries, hulled and quartered "",""1 1/4  cups    fresh raspberries"",""1   tablespoon    sugar"",""1   tablespoon    fresh lemon juice"",""2       kiwi, peeled, cut into 1/2-inch pieces "",""3   tablespoons   toasted pistachio nuts, chopped "",""2 -3   tablespoons    mini chocolate chips""]","[""Stir the ricotta and 2 tablespoons of cream in medium bowl to blend."", ""Using an electric mixer, beat the remaining 1/3 cup of cream, powdered sugar, and cinnamon in a large bowl until semi-peaks form."", ""Fold the ricotta cream into whipped cream."", ""Place in the refrigerator for at least 30 minutes to stiffen and yield a creamier filling.(Can be prepared 4 hours ahead. Cover and refrigerate.)."", ""Toss the strawberries, raspberries, sugar and lemon juice in a medium bowl to combine. Let stand until juices form, tossing occasionally, about 15 minutes. Add the kiwi."", ""Spoon the fruit mixture into 4 dessert bowls. Dollop the ricotta cream atop the fruit."", ""Sprinkle with the pistachios &amp;/or chocolate chips, if using.""]",4.0,1 (235 g),"[""60-minutes-or-less"", ""time-to-make"", ""course"", ""main-ingredient"", ""cuisine"", ""preparation"", ""occasion"", ""north-american"", ""breakfast"", ""desserts"", ""fruit"", ""american"", ""easy"", ""european"", ""dinner-party"", ""holiday-event"", ""kosher"", ""romantic"", ""vegetarian"", ""italian"", ""dietary"", ""free-of-something"", ""berries"", ""raspberries"", ""strawberries"", ""brunch"", ""taste-mood"", ""presentation"", ""served-cold""]"
432506,Hungarian Goulash,Comfort Food!,"[""beef"", ""large onions"", ""paprika"", ""tomato paste"", ""bonox"", ""baby carrots"", ""large potatoes"", ""baby turnips"", ""green beans"", ""parmesan cheese"", ""milk"", ""parsley""]","[""1/4  cup    oil"",""1   kg    beef, topside cubed "",""2   large    onions, roughly chopped "",""1 1/2  tablespoons    paprika"",""2   tablespoons    flour"",""1   tablespoon    tomato paste"",""1 1/2  liters   pre-prepared bonox stock"",""500   ml    water"",""8       baby carrots"",""2   large    potatoes, quartered "",""4       baby turnips, halved "",""12       green beans, cut into lengths "",""1 1/2  cups    self-rising flour"",""65   g    butter"",""2   tablespoons    parmesan cheese, greated "",""1   cup    milk"",""2   tablespoons    parsley, finely chopped ""]","[""Heat oil in a large casserole dish over high heat; brown meat, in batches, until well browned. Remove meat from pan."", ""Cook the onions and paprika until onions are tender. Add flour and tomato paste, cook stirring for 1 minute. Gradually stir in Bonox stock and water, return meat to pan."", ""Plave the covered casserole in an oven at 180°C for 1 1/2 hours. Add vegetables and top with tablespoons of dumpling mixture. Return to oven, uncovered for 30 minutes or until dumplings are golden brown."", ""TO MAKE DUMPLINGS:"", ""Combine the flour, butter and parmesan cheese in a food processor until mixture resembles fine breadcrumbs. Add milk and parsley and process until mixture is just combined.""]",6.0,1 (589 g),"[""time-to-make"", ""course"", ""main-ingredient"", ""preparation"", ""main-dish"", ""soups-stews"", ""beef"", ""stews"", ""meat"", ""4-hours-or-less""]"
493235,Pate Reinagel (Vegetarian Spread),This recipe is from Monica Reinagel and will surprise you with how tasty it is.,"[""reduced - fat goat cheese"", ""black mission figs"", ""argan oil"", ""mild honey"", ""black pepper""]","[""4   ounces    reduced-fat goat cheese (unripened)"",""2   ounces    black mission figs, finely chopped  (about 6)"",""1   tablespoon    argan oil"",""2   teaspoons   mild honey"",""3/4  teaspoon    black pepper, coarsely cracked ""]","[""Combine all ingredients mix until well combined and fluffy. Chill. Serve with apple slices, crackers or flat-bread, or Belgian endive leaves. Makes about 3/4 cup.""]",6.0,1 (12 g),"[""15-minutes-or-less"", ""time-to-make"", ""course"", ""main-ingredient"", ""cuisine"", ""preparation"", ""occasion"", ""north-american"", ""5-ingredients-or-less"", ""appetizers"", ""eggs-dairy"", ""fruit"", ""american"", ""canadian"", ""easy"", ""no-cook"", ""beginner-cook"", ""diabetic"", ""dinner-party"", ""romantic"", ""vegetarian"", ""dips"", ""cheese"", ""dietary"", ""taste-mood"", ""3-steps-or-less"", ""technique"", ""from-scratch""]"
415767,Oriental Mixed Vegetable,"Mixed veggies with a little oriental feel to it. You can also substitute the worchester sauce with soya sauce and then add a little sugar to it. You can add chickpeas as well ,  just after you add the paneer.","[""green capsicum"", ""diced onions"", ""diced tomatoes"", ""cabbage shredded"", ""panir cottage cheese"", ""tomato ketchup"", ""Worcestershire sauce""]","[""1   cup   diced green capsicum (medium size)"",""2       diced onions (large)"",""2       diced tomatoes (medium size)"",""2   cups    cabbage, shredded "",""1   cup    panir (cottage cheese)"",""2   tablespoons    tomato ketchup"",""1   teaspoon    salt"",""1   tablespoon    Worcestershire sauce"",""2   tablespoons    oil""]","[""Heat oil in a wok"", ""Add the onions and fry for a minute. Then add the capsicum and fry for another minute or two. Add tomato ketchup, worchestershire sauce and salt."", ""Taste and adjust. Stir fry for a minute. Add tomato and paneer cubes."", ""Stir for a couple of mins , adjust salt and sauces."", ""Add the cabbage , cover and cook for another minute till the cabbage becomes a little soft , not too much just well done."", ""Serve with garlic bread or plain white rice.""]",3.0,1 (317 g),"[""weeknight"", ""15-minutes-or-less"", ""time-to-make"", ""course"", ""main-ingredient"", ""preparation"", ""occasion"", ""lunch"", ""side-dishes"", ""vegetables"", ""dietary"", ""taste-mood""]"
428254,Roast Red Capsicum (Bell Pepper) and Tomato Soup,This recipe comes from Australia's The CSIRO Total Wellbeing Diet. It's a great book with menu plans & yummy looking recipes.This soup serves 4 for a healthy lunch.,"[""red capsicums bell peppers"", ""olive oil"", ""onion"", ""garlic cloves"", ""tomato paste"", ""tomatoes"", ""vegetable stock"", ""basil"", ""sugar substitute""]","[""2       red capsicums, halved \u0026 seeded  (bell peppers)"",""2   tablespoons    olive oil"",""1   large    onion, finely sliced "",""2       garlic cloves, crushed "",""1   tablespoon    tomato paste"",""750   g    tomatoes, roughly chopped "",""2   cups    vegetable stock"",""1      handful basil, torn "",""1      tablet Equal sugar substitute""]","[""Preheat oven to 180°C (350°F)."", ""Place capsicums in a shallow baking dish skin side up, drizzle with half the oil and roast for 25 mins, or until softened."", ""Remove from the oven &amp; cover with foil and allow to cool slightly."", ""Peel off the skin and roughly chop the flesh."", ""Heat remaining oil in a large saucepan over medium heat."", ""Add onion and sauté until soft, then add garlic and tomato paste &amp; cook for 2 minutes, stirring constantly."", ""Add capsicum, tomato &amp; stock, then cover &amp; simmer for 15 minutes."", ""Allow to cool slightly, then puree using a blender/ stick blender."", ""Season to taste- for a sweeter soup add Equal."", ""Reheat soup &amp; serve sprinkled with basil.""]",4.0,1 (296 g),"[""60-minutes-or-less"", ""time-to-make"", ""course"", ""main-ingredient"", ""cuisine"", ""preparation"", ""occasion"", ""south-west-pacific"", ""lunch"", ""soups-stews"", ""vegetables"", ""australian"", ""diabetic"", ""vegan"", ""vegetarian"", ""stove-top"", ""dietary"", ""peppers"", ""tomatoes"", ""brunch"", ""equipment""]"
350563,Gumbo Cookoff Winner - Chicken and Sausage Gumbo,"I won first prize with this recipe at an annual Gumbo Cookoff for Mardi Gras in Soulard (St. Louis).  I refuse to believe it won just because the cookoff/party happened to be at my house!    It is a hybrid of several gumbo recipes I've tried, including one in the Southern Sideboards recipe book from the Junior League of Jackson, Mississippi.  Note: cooking and prep time are listed as if you are preparing the different parts of the recipe simultaneously.  You can certainly make the chicken/stock ahead and spread out your prep time for chopping/measuring spices over a couple days.","[""whole cloves"", ""carrot"", ""sprigs fresh parsley"", ""onion"", ""celery rib"", ""white wine"", ""black peppercorns"", ""black pepper"", ""vegetable oil"", ""fresh okra chopped"", ""vegetable oil"", ""all"", ""yellow onions"", ""green bell peppers chopped"", ""celery chopped"", ""garlic cloves minced"", ""tomatoes"", ""Italian - style tomatoes"", ""cooked smoked sausage"", ""dried thyme"", ""dried basil"", ""cayenne pepper"", ""black pepper"", ""file powder""]","[""4 1/2  lbs    whole chickens"",""2       whole cloves"",""1       carrot, peeled and sliced "",""4 -8   sprigs    fresh parsley"",""1       bay leaf"",""1   large    onion, sliced "",""1       celery rib"",""1/2  cup    white wine"",""6 -8       black peppercorns"",""1   teaspoon    salt"",""1/2  teaspoon    black pepper"",""2   tablespoons    vegetable oil"",""1 1/2  lbs    fresh okra, chopped "",""1/3  cup    vegetable oil"",""1/2  cup    all-purpose flour"",""2   medium   sized yellow onions, chopped "",""2   small    green bell peppers, chopped "",""3   stalks    celery, chopped "",""4       garlic cloves, minced "",""1   large    tomatoes, chopped "",""1 (28   ounce) can  diced Italian-style tomatoes, undrained "",""1 1/2  lbs   cooked smoked sausage, sliced in 1/3-inch pieces "",""1 1/2      bay leaves"",""1   tablespoon    salt"",""1 1/2  teaspoons    dried thyme"",""1 1/2  teaspoons    dried basil"",""1 1/2  teaspoons    cayenne pepper"",""1 1/2  teaspoons    black pepper"",""1 1/2  teaspoons    file powder""]","[""Place chicken and next 10 ingredients in large stockpot and cover with water (approx. 1 gallon) and bring to a boil."", ""Reduce heat and simmer until chicken is tender (approx. 1 hour)."", ""Using tongs, remove chicken to a strainer and cool."", ""Strain chicken stock into a large container (discard whatever the strainer catches).  Save stock for use in gumbo later."", ""Remove meat from bones in pieces and reserve to add to gumbo later."", ""Heat 2 tablespoons vegetable oil in heavy skillet over medium heat."", ""Add okra to skillet and cook until no longer sticky, stirring frequently (about 20 minutes), then set aside to add to gumbo later."", ""Stir flour and 1/3 cup vegetable oil in a large Dutch oven over medium heat.  Stir frequently until it becomes a deep, golden brown roux (approx, 30 minutes).  It should appear to be the color of peanut butter."", ""Add the chopped yellow onions, bell peppers, celery and garlic to the roux and stir until soft."", ""Add 4 cups of the reserved chicken stock and okra, tomatoes, sausage, and all herbs/spices except for file powder.  Cover partially and simmer until thickened (approx. 1.5 hours)."", ""Spoon off any fat from surface of gumbo."", ""Add chicken and file powder and simmer 15 more minutes."", ""Serve in bowls over steamed white rice.""]",12.0,1 (394 g),"[""time-to-make"", ""course"", ""main-ingredient"", ""cuisine"", ""preparation"", ""occasion"", ""north-american"", ""gumbo"", ""main-dish"", ""soups-stews"", ""pork"", ""poultry"", ""american"", ""cajun"", ""southern-united-states"", ""holiday-event"", ""stews"", ""chicken"", ""creole"", ""meat"", ""pork-sausage"", ""mardi-gras-carnival"", ""4-hours-or-less""]"
287750,Delicious Fruit and Cheese Salad,"Nothing better than a beautiful fruit salad with cheese. You can add or take away some of the fruit depending on the availability of them. Just a beautiful salad, sure to please. This came from the internet.","[""sliced strawberries"", ""cantaloupe"", ""blueberries"", ""raspberries"", ""havarti cheese"", ""orange juice"", ""fresh basil leaves chopped""]","[""2   cups   sliced strawberries"",""2   cups    cantaloupe, cubed "",""1   cup    blueberries"",""1   cup    raspberries"",""2   cups    havarti cheese, cubed "",""1/3  cup    orange juice"",""2   tablespoons    oil"",""2   tablespoons    honey"",""2   tablespoons    fresh basil leaves, chopped ""]","[""Combine fruit and cheese in a large bowl."", ""Mix together the orange juice, the oil, honey, and the basil in a small jar with a tight fitting lid."", ""Shake vigorously to combine."", ""Pour over ther fruit and cheese and toss."", ""Tip: you can place the plates in the freezer for a short time before you assemble the salad. Time doesn""t include time  for the plates are in the freezer.""]",6.0,1 (172 g),"[""60-minutes-or-less"", ""time-to-make"", ""course"", ""main-ingredient"", ""cuisine"", ""preparation"", ""occasion"", ""north-american"", ""lunch"", ""salads"", ""fruit"", ""american"", ""easy"", ""holiday-event"", ""spring"", ""summer"", ""salad-dressings"", ""seasonal"", ""wedding"", ""independence-day"", ""berries"", ""blueberries"", ""raspberries"", ""strawberries""]"
32461,Watermelon-Lemonade Ice Pops,What a refreshing treat in the summertime! Fresh fruit ice pops just waiting for you in your freezer! This treat is on me. Enjoy!,"[""chopped seeded watermelon"", ""frozen lemonade concentrate"", ""salt""]","[""2   cups   packed finely chopped seeded watermelon"",""0.5 (12   ounce) can   frozen lemonade concentrate, thawed  (3/4 cup)"",""3   tablespoons    sugar"",""1   pinch    salt""]","[""Combine all ingredients in processor."", ""Puree until very smooth."", ""divide mixture among 8 ice pop molds (each about 1/4 to 1/3 cup capacity)."", ""Cover and freeze until firm, at least 4 hours and up to 5 days.""]",1.0,1 (561 g),"[""15-minutes-or-less"", ""time-to-make"", ""course"", ""main-ingredient"", ""preparation"", ""occasion"", ""low-protein"", ""healthy"", ""5-ingredients-or-less"", ""desserts"", ""lunch"", ""snacks"", ""fruit"", ""easy"", ""potluck"", ""holiday-event"", ""kid-friendly"", ""low-fat"", ""food-processor-blender"", ""freezer"", ""dietary"", ""gifts"", ""low-sodium"", ""low-cholesterol"", ""infant-baby-friendly"", ""low-saturated-fat"", ""low-calorie"", ""healthy-2"", ""low-in-something"", ""melons"", ""brunch"", ""novelty"", ""taste-mood"", ""sweet"", ""to-go"", ""equipment"", ""small-appliance"", ""number-of-servings""]"
516837,Pickled Watermellon Rinds,"this recipe comes from ""the cat who... reunion cookbook"" & I think it's interesting","[""watermelon rind"", ""vinegar"", ""cinnamon sticks"", ""whole cloves"", ""mustard seeds"", ""food coloring""]","[""1       watermelon rind, cut into 1-inch chunks "",""4   quarts    water"",""1/3  cup    salt"",""3   cups    sugar"",""2   cups    vinegar"",""2       cinnamon sticks, crushed "",""2   teaspoons    whole cloves"",""1   teaspoon    mustard seeds"",""2 -3   drops    red food coloring""]","[""cut away the outer green skin &amp; inner red flesh from the watermelon chunks."", ""measure 8 cups."", ""place chunks into 2 quarts water &amp; salt: refridgerate overnight."", ""drain watermelon and place into another 2 quarts water in a large saucepan: boil for about 30 minutes."", ""in a separate saucepan, combine sugar, vinegar, cinnamon sticks, cloves &amp; mustard seed."", ""bring the mixture to a boil then remove it from the heat: allow the vinegar mixture to sit for about 15 minutes then strain."", ""drain water from the watermelon rind and add strained vinegar mixture."", ""bring the mixture with the rinds to a boil: reduce heat and simmer for 1 hour or until syrup is thick and rind is clead."", ""add several drops food coloring for last 15 minutes of cooking.""]",10.0,1 (497 g),"[""time-to-make"", ""course"", ""main-ingredient"", ""preparation"", ""appetizers"", ""salads"", ""fruit"", ""1-day-or-more"", ""stove-top"", ""dietary"", ""melons"", ""equipment"", ""technique"", ""brewing""]"
49481,Otai,"A Tongan fruit drink which can be made from any fruit although vi, mangoes and mandarins make a good variation on the recipe here.","[""pineapple"", ""watermelon"", ""coconut"", ""sugar"", ""water""]","[""1       pineapple"",""1/4  medium    watermelon"",""1       coconut, fresh "",""2   tablespoons    sugar, more to taste "",""1   cup    water""]","[""Grate the pineapple into a large container."", ""Finely chop the watermelon, or scrape the melon and the juice into the pineapple."", ""Sprinkle with sugar."", ""Add the fresh coconut flesh directly to the fruit or by making a rich coconut cream from the grated coconut and adding the cream to the fruit juices."", ""Dilute with the water."", ""Chill and serve.""]",1.0,1 (2297 g),"[""30-minutes-or-less"", ""time-to-make"", ""course"", ""main-ingredient"", ""cuisine"", ""preparation"", ""south-west-pacific"", ""5-ingredients-or-less"", ""beverages"", ""fruit"", ""easy"", ""vegan"", ""vegetarian"", ""nuts"", ""dietary"", ""gluten-free"", ""polynesian"", ""free-of-something"", ""melons"", ""coconut"", ""tropical-fruit"", ""pineapple"", ""number-of-servings""]"
471087,Nif's Caramelized Onions for a Crowd,"Tonight my Dad made an amazing Prime Rib Roast for New Year's Dinner. I wanted to make something to have with it! The whole family seemed to really like it and enjoyed the roast with these onions and some great horseradish. Although this dish takes time to cook, its very easy! It makes a large batch of onions so if you are going to make a smaller amount, you have to use your intuition as to the cooking time of the dish. Enjoy!","[""grapeseed oil canola oil olive oil"", ""yellow onions"", ""sea salt""]","[""1/4  cup    butter"",""1/4  cup    grapeseed oil (or canola oil would work. Do NOT use olive oil as it has a much lower smoke point)"",""5   lbs    yellow onions, thinly sliced "",""1   teaspoon    sea salt""]","[""In a large dutch oven, heat the butter and oil over medium-high heat. Some foam from the butter will form on top of the hot fat. When that happens, stir until you can see that the mixture underneath is a light brown."", ""Add onions and salt. Set your timer and stir the mixture every 10 minutes."", ""After just over an hour has gone by, you will notice that the onions are starting to stick to the bottom of the pot. Make sure to scrape all of the browned bits off the bottom and start setting your timer for every 3 minutes."", ""You will repeat the 3 minute stirrings for another 30-45 minutes. When you notice that the onions are quite a dark brown and there is a bit of a burnt smell, turn the burner off but let the pot sit on the burner."", ""Stir again after the pot has cooled down for a few minutes an serve.""]",1.0,1 (2387 g),"[""time-to-make"", ""course"", ""main-ingredient"", ""preparation"", ""5-ingredients-or-less"", ""side-dishes"", ""vegetables"", ""easy"", ""onions"", ""4-hours-or-less"", ""from-scratch""]"
92567,Frosty Summer Watermelon Cooler,The kids and I love this one in the summertime. If you always keep some bananas frozen in a freezer bag you can put this together in no time. Healthy and tasty. Prep time does not include freeze time.,"[""frozen bananas"", ""watermelon"", ""apple juice""]","[""2      frozen bananas"",""2   cups   seeded watermelon"",""1   cup    apple juice""]","[""In a blender pour the apple juice and add the frozen bananas."", ""Add the chunks of watermelon."", ""Blend on high until the consistency of a drink.""]",4.0,1 (197 g),"[""15-minutes-or-less"", ""time-to-make"", ""course"", ""main-ingredient"", ""preparation"", ""occasion"", ""low-protein"", ""healthy"", ""5-ingredients-or-less"", ""beverages"", ""fruit"", ""easy"", ""diabetic"", ""kid-friendly"", ""low-fat"", ""summer"", ""vegan"", ""vegetarian"", ""smoothies"", ""food-processor-blender"", ""dietary"", ""low-sodium"", ""low-cholesterol"", ""seasonal"", ""low-saturated-fat"", ""low-calorie"", ""healthy-2"", ""low-in-something"", ""melons"", ""equipment"", ""small-appliance"", ""3-steps-or-less""]"
529418,Lemon Fig Quick Bread,"A decadant change of pace from the usual banana and zucchini bread, but familiar enough that picky eaters won't be put off by the somewhat niche flavors. Absolutely fabulous for a Sunday church social, a potluck gathering, or a bake sale! Or just make it late at night and eat it all yourself.","[""fig"", ""Greek yogurt"", ""milk"", ""butter"", ""lemon infused olive oil"", ""dried figs"", ""baking soda""]","[""1/2  cup    fig preserves"",""1/2  cup    Greek yogurt"",""1/2  cup    milk"",""2   large    eggs"",""1/2  cup    butter, melted and cooled "",""1   tablespoon   lemon infused olive oil"",""3/4  cup    sugar"",""5   small    dried figs, coarsely chopped "",""1   teaspoon    baking soda"",""1/8  teaspoon    salt"",""1 1/2  cups    flour""]","[""Mix fig preserves, yogurt, and milk together."", ""Whisk the eggs, and blend into the milk mixture."", ""Add cooled butter and olive oil, then mix in sugar."", ""Toss the chopped figs into a small amount of flour, and mix into mixture, followed by baking soda and salt."", ""Mix in flour; this should produce a thick but still loose batter, like for muffins or cornbread."", ""Pour into a greased and floured 8""x4"" loaf pan and bake at 350f for 25 minutes. Turn pan at this point, and bake for a minimum of 25 more minutes. Loaf is done when a sharp knife stuck into the top comes out clean."", ""Rest loaf in pan on cake rack for 30 to 45 minutes, then turn out and allow to cool completely."", ""If you cannot find lemon infused olive oil, use a tablespoon of regular olive oil and the zest of one lemon.""]",12.0,1 (71 g),"[""time-to-make"", ""course"", ""main-ingredient"", ""preparation"", ""occasion"", ""breads"", ""desserts"", ""fruit"", ""oven"", ""potluck"", ""vegetarian"", ""dietary"", ""quick-breads"", ""to-go"", ""equipment"", ""4-hours-or-less"", ""baking""]"
366752,Vegan Mini Carrot Cake Muffins,"Perfect mini VEGAN muffins, they are as good as regular carrot muffins or better...It's a great treat to satisfy sweetness but in the same time very very healthy.","[""baking powder"", ""unsweetened applesauce"", ""baking soda"", ""cinnamon"", ""nutmeg"", ""grapeseed oil"", ""carrot"", ""water crushed pineapple juice""]","[""3/4  teaspoon    baking powder"",""1/4  cup    unsweetened applesauce"",""3/8  cup    sugar"",""1 1/4  cups    all-purpose flour"",""1   teaspoon    baking soda"",""3/4  teaspoon    cinnamon"",""1/4  teaspoon    nutmeg"",""1/4  teaspoon    salt"",""1/8  cup    grapeseed oil"",""1   tablespoon    honey"",""1   cup    carrot (graded)"",""1/2  cup    water (or crushed pineapple including juice)""]","[""In a small bowl mix baking powder and applesauce into a foamy mixture, set aside."", ""In large bowl mix flour, sugar baking soda, cinnamon, nutmeg, and salt; mix."", ""Add oil, honey, carrots, water or pineapple (some of the juice might help), and applesauce mixture."", ""Mix well."", ""Add nuts, raisins, or dried cranberries if preferred."", ""Scoop mixture into cupcake liners."", ""Bake at 325°F for 30 minutes or until toothpick comes out clean."", ""Once cooled, frost with icing (powered sugar, vegan Earth Balance butter, organic vanilla, and water).""]",12.0,1 (49 g),"[""60-minutes-or-less"", ""time-to-make"", ""course"", ""main-ingredient"", ""preparation"", ""occasion"", ""healthy"", ""cupcakes"", ""breads"", ""desserts"", ""oven"", ""picnic"", ""vegan"", ""vegetarian"", ""muffins"", ""cakes"", ""grains"", ""dietary"", ""gifts"", ""low-cholesterol"", ""low-saturated-fat"", ""egg-free"", ""healthy-2"", ""quick-breads"", ""free-of-something"", ""low-in-something"", ""pasta-rice-and-grains"", ""brunch"", ""to-go"", ""equipment""]"
96612,Chicken Salad,"This is a nice salad to serve at a lunchon, shower or your next card party.","[""pineapple tidbits pineapple chunks"", ""cooked chicken"", ""water chestnuts"", ""green grapes red grapes"", ""chopped celery"", ""slivered almonds"", ""green onion"", ""mayonnaise"", ""curry"", ""soy sauce""]","[""1 (20   ounce) can   pineapple tidbits or 1 (20   ounce) can   pineapple chunks, drained "",""8   cups   bite-size cooked chicken"",""1 (20   ounce) can   water chestnuts, sliced and drained "",""2   lbs    green grapes or 2   lbs    red grapes"",""2   cups   chopped celery"",""2   cups    slivered almonds"",""1   bunch    green onion, chopped "",""3   cups    mayonnaise"",""1   teaspoon    curry"",""1 1/2  tablespoons    soy sauce"",""1/2  teaspoon    salt"",""1/4  teaspoon    pepper""]","[""Mix all ingredients together and chill."", ""One-half hour before serving, fold in the dressing mixture."", ""Serve on a bed of lettuce.""]",10.0,1 (373 g),"[""15-minutes-or-less"", ""time-to-make"", ""course"", ""main-ingredient"", ""preparation"", ""occasion"", ""lunch"", ""salads"", ""fruit"", ""poultry"", ""easy"", ""refrigerator"", ""holiday-event"", ""chicken"", ""berries"", ""grapes"", ""meat"", ""chicken-breasts"", ""equipment"", ""3-steps-or-less""]"
294334,Fig Anchoiade,"From Austin de Croze.  The longer this refrigerates, the better the flavour.  This can be covered and kept in the fridge for about 5 days.  Serve with crusty bread or crudite.","[""dried figs"", ""red pepper skin"", ""anchovies oil"", ""garlic cloves"", ""blanched almonds"", ""leaf parsley"", ""fennel seed"", ""black pepper"", ""lemon juice"", ""virgin olive oil"", ""orange flower water""]","[""3       dried figs"",""1       red pepper, roasted and skin removed "",""100   g    anchovies packed in oil"",""2       garlic cloves"",""12       blanched almonds"",""  flat leaf parsley, a handful "",""1   teaspoon    fennel seed"",""  black pepper, to taste "",""1/2      lemon, juice of"",""5   ounces    extra virgin olive oil (150ml)"",""2   teaspoons    orange flower water""]","[""Soak the figs in hot water for about 15 minutes, then drain."", ""Put everything, except the oil and orange flower water, into a food processor."", ""Pureee while adding the oil in a steady stream.  Taste and add orange flower water 1 teaspoon at a time in case you find it too perfumed."", ""Cover and chill until ready to serve.  Best to make at least a day ahead.""]",6.0,1 (72 g),"[""30-minutes-or-less"", ""time-to-make"", ""course"", ""cuisine"", ""preparation"", ""appetizers"", ""french"", ""easy"", ""european"", ""dips""]"
378713,Gf Okra Gumbo,Serve over hot white Louisiana rice.,"[""okra"", ""olive oil"", ""gluten - free rice flour mix Whole"", ""canola oil"", ""onion"", ""bell pepper"", ""celery"", ""garlic cloves minced"", ""vegetarian chicken bouillon cubes liquid"", ""water"", ""Tony Seasoning"", ""Crystal hot sauce""]","[""3   cups    okra, sliced "",""2   tablespoons    olive oil"",""1/4  cup    gluten-free rice flour mix, I like Whole Foods\u0027 "",""1/4  cup    canola oil"",""1   cup    onion, diced "",""1   cup    bell pepper, diced "",""1   cup    celery, diced "",""4       garlic cloves, minced "",""2       vegetarian chicken bouillon cubes (enough for 4 c liquid)"",""3   cups    water"",""2       bay leaves"",""1   tablespoon    Tony Chachere\u0027s Seasoning"",""  Crystal hot sauce, to taste ""]","[""Fry okra in olive oil until brown and less stringy."", ""Make dark roux with flour and canola oil."", ""Add onion, bell pepper, celery, and garlic.  Cook until soft."", ""Add water, bouillon, and seasonings.  Don""t over season!  The flavors will continue to develop."", ""Cook for 3hrs on high in a slow cooker.  Allow to cool, refrigerate, and serve reheated the next day.""]",18.0,1 (84 g),"[""lactose"", ""time-to-make"", ""course"", ""main-ingredient"", ""cuisine"", ""preparation"", ""north-american"", ""for-large-groups"", ""gumbo"", ""main-dish"", ""vegetables"", ""american"", ""cajun"", ""southern-united-states"", ""stews"", ""dietary"", ""gluten-free"", ""free-of-something"", ""number-of-servings"", ""4-hours-or-less"", ""soul""]"
97900,Strawberry Cantaloupe Pie,I got this from the Farm Journal's Complete Pie Cookbook,"[""baked pie crust"", ""cream cheese"", ""ripe strawberry"", ""cornstarch"", ""grated lemon"", ""food coloring"", ""fresh cantaloupe balls""]","[""1       9-inch baked pie crust"",""1 (3   ounce) package   cream cheese"",""1   tablespoon    milk"",""1   cup   ripe strawberry"",""1/2  cup    water"",""1/2  cup    sugar"",""2   tablespoons    cornstarch"",""1/8  teaspoon    salt"",""1   tablespoon    butter"",""1   teaspoon   grated lemon, rind of"",""  red food coloring"",""3   cups   fresh cantaloupe balls""]","[""Combine cream cheese and milk and spread over the bottom of the pre-baked pie shell."", ""Crush strawberries slightly and combine with water; simmer for 5 minutes then press throgh a sieve."", ""Discard the seeds."", ""Blend sugar, cornstarch, and salt, then stir into strawberry mixture."", ""Cook over a medium heat, stirring constantly until the mixture comes to boil."", ""Continue stirring over low heat for 2 minutes."", ""The mix will be thick and translucent."", ""Remove from heat and stir in butter and lemon peel."", ""Add a few drops red food coloring, mix inches."", ""Cool until lukewarm."", ""Place cantaloupe balls in pie shell on top of cream cheese mix."", ""Spoon strawberry glaze over them."", ""Let glaze set before serving.""]",1.0,1 (1207 g),"[""60-minutes-or-less"", ""time-to-make"", ""course"", ""main-ingredient"", ""preparation"", ""occasion"", ""pies-and-tarts"", ""desserts"", ""fruit"", ""summer"", ""dietary"", ""seasonal"", ""melons""]"
161002,Creamy Oatmeal With Dried Fruit,Made in a slow-cooker.,"[""cut oats"", ""dried tart cherries dried sweetened cranberries"", ""chopped dried fig"", ""chopped dried apricot""]","[""1   cup    steel cut oats"",""2/3  cup    dried tart cherries or 2/3  cup    dried sweetened cranberries"",""1/3  cup   chopped dried fig"",""1/3  cup   chopped dried apricot"",""4 1/2  cups    water"",""1/2  cup    half-and-half""]","[""Combine all the ingredients in a slow cooker; stir to mix."", ""Cover and cook on LOW for 8-9 hours, or overnight, until done."", ""Serve the oatmeal straight from the pot with no embellishment but a light sprinkle of sea salt, a pat of butter, and milk.""]",3.0,1 (513 g),"[""course"", ""main-ingredient"", ""preparation"", ""low-protein"", ""healthy"", ""granola-and-porridge"", ""breakfast"", ""easy"", ""low-fat"", ""grains"", ""crock-pot-slow-cooker"", ""dietary"", ""low-sodium"", ""low-cholesterol"", ""low-saturated-fat"", ""low-calorie"", ""low-in-something"", ""pasta-rice-and-grains"", ""equipment"", ""3-steps-or-less""]"
484994,Middle Eastern-Style Slow Cooked Baked Beans (Vegan Friendly),I wanted to make baked beans to go with this recipe: Recipe #449652 and using one can of kidney beans and one lonely can (that mysteriously and magically appeared on our pantry shelf??) of Trader Joe's chicken chili came up with this fast and simple recipe. A quick homemade version of chicken chili is given below. All amounts of ingredients are estimated. Omit the ground chicken for the vegan version. *Update* Last time I prepared this recipe I substituted date syrup (dibs tamar) for the brown sugar.,"[""dark red kidney beans liquid freshly cooked kidney beans"", ""chicken chilli"", ""pomegranate molasses"", ""dried chipotle powder"", ""ginger"", ""cardamom"", ""cinnamon stick"", ""dark brown sugar honey raw sugar"", ""yellow onion peeled onion garlic"", ""garlic clove"", ""black pepper"", ""cooked ground chicken beef turkey"", ""red beans"", ""tomato paste tomato sauce"", ""fresh jalapeno minced"", ""red bell pepper"", ""raw apple cider vinegar"", ""paprika"", ""cooked ground chicken beef turkey""]","[""1 (15   ounce) can   dark red kidney beans, save the liquid  (you can use freshly cooked kidney beans if you prefer)"",""1 (15   ounce) can   chicken chilli"",""2   tablespoons    pomegranate molasses"",""1/2  teaspoon    dried chipotle powder (can add more if you wish)"",""1   teaspoon    sumac"",""1/2  teaspoon    ground ginger"",""1/4  teaspoon    ground cardamom"",""1   small   whole cinnamon stick"",""1/4  cup    dark brown sugar (can sub honey, raw sugar, etc.)"",""1   medium    yellow onion, peeled, finely minced  (I used a food processor to finely mince the onion and garlic)"",""1 -2       garlic clove"",""  salt, to taste "",""  black pepper, to taste "",""1/3  lb   cooked ground chicken (can sub beef, turkey, etc.)"",""2   cups    red beans"",""1/4  cup    tomato paste (or tomato sauce)"",""1/2      fresh jalapeno, finely minced  (this is optional)"",""1/2  cup    red bell pepper, finely minced "",""2   tablespoons   raw apple cider vinegar"",""1/2  teaspoon    paprika"",""1/3  lb   cooked ground chicken (can sub beef, turkey, etc.)""]","[""Preheat oven to 300º."", ""HOMEMADE CHICKEN CHILI: If using homemade chicken chili first brown the ground chicken in a little bit of oil."", ""Add the cooked ground chicken and the remaining chicken chili ingredients to the casserole dish."", ""CHILI: Place all the ingredients in a 2-quart ovenproof casserole dish. Cover."", ""Bake for 2 hours, stirring a few times to make sure the beans don""t become to dry. If they are a little on the dry side, add a small amount of the reserved bean liquid or broth."", ""Also, the oven temperature can be reduced to 275º if the beans appear to be drying out. I reduced the temperature to 275º the final 30 minutes of baking.""]",4.0,1 (238 g),"[""time-to-make"", ""course"", ""main-ingredient"", ""cuisine"", ""preparation"", ""casseroles"", ""main-dish"", ""beans"", ""middle-eastern"", ""easy"", ""4-hours-or-less""]"
470651,Winter Fruit Salad,Comes from Food Network Magazinehttp://www.foodnetwork.com/recipes/food-network-kitchens/winter-fruit-salad-recipe/index.html,"[""ginger"", ""vanilla bean seeds"", ""lemon"", ""navel oranges blood oranges"", ""mangoes"", ""bananas"", ""kiwi fruits"", ""kumquats seeds"", ""pomegranate seeds pomegranate""]","[""1/2  cup    sugar"",""1   inch   piece ginger, peeled and thinly sliced "",""1       vanilla bean, split lengthwise and seeds scraped out "",""1       lemon"",""5   large    navel oranges or 5   large    blood oranges"",""2       mangoes, peeled and diced "",""2       firm bananas, peeled and diced "",""5       kiwi fruits, peeled and diced "",""12       kumquats, very thinly sliced crosswise, seeds removed "",""1   cup    pomegranate seeds (from 1 pomegranate)""]","[""Combine the sugar, 2 cups water, the ginger and vanilla seeds and pod in a saucepan. Use a vegetable peeler to remove wide strips of zest from the lemon and 1 orange, add to the saucepan and bring to a boil over medium-high heat. Reduce the heat and simmer 5 minutes. Refrigerate until cold."", ""Meanwhile, peel the remaining oranges with a paring knife, cutting along the natural curve of the fruit. Hold an orange over a large bowl and cut along both sides of each membrane to free the segments, letting them fall into the bowl. Squeeze each empty membrane to release the juices. Repeat with the remaining oranges. Add the mangoes, bananas, kiwis, kumquats and pomegranate seeds and gently toss. Pour the syrup over the fruit and chill overnight."", ""Before serving, remove the citrus zest, ginger and vanilla pod. Spoon the fruit and syrup into bowls."", ""To remove pomegranate seeds, cut the fruit into quarters, then break apart in a bowl of water. Skim off the pith that floats to the top and drain the seeds.""]",6.0,1 (418 g),"[""30-minutes-or-less"", ""time-to-make"", ""course"", ""main-ingredient"", ""preparation"", ""occasion"", ""salads"", ""side-dishes"", ""fruit"", ""seasonal"", ""oamc-freezer-make-ahead"", ""citrus""]"
329115,Roasted Salmon With Pomegranate Butter Sauce,"Adapted from ""Autumn Gatherings:  Casual Food to Enjoy with Family and Friends"" by Rick Rodgers.  This is a dish that looks as good as it tastes and is a great dinner party centerpiece.  Use wild salmon if you can and make extra sauce for freezing...you'll like it on just about anything.  (Note that I removed the step of straining the sauce from the original recipe because it is optional and just adds extra effort and is not really necessary).","[""salmon fillets"", ""fresh ground black pepper"", ""pomegranate juice"", ""red wine Syrah Cabernet blend"", ""shallots minced"", ""fresh rosemary chopped rosemary"", ""unsalted butter"", ""salt freshly ground black pepper""]","[""2   lbs   center-cut salmon fillets, with skin "",""1/2  teaspoon    salt"",""1/4  teaspoon    fresh ground black pepper"",""1/2  cup    pomegranate juice (bottled)"",""1/2  cup    red wine (such as Syrah-Cabernet blend)"",""2   tablespoons    shallots, minced "",""1/2  teaspoon    fresh rosemary, chopped  (dried) or 1/4  teaspoon    rosemary (dried)"",""8   tablespoons    unsalted butter, chilled, cut into 8 equal portions  (1 stick)"",""  salt \u0026 freshly ground black pepper""]","[""Preheat oven to 400 degrees.  Lightly oil a large rimmed baking sheet."", ""Run your fingers over the side cut of the salmon, feeling for any pin bones."", ""If necessary, pull any bones out with sterilized tweezers.  Place the salmon on the baking sheet, flesh side up.  Season the salmon with salt and pepper.  Cut vertically into 6 equal portions, but do not separate the pieces (this makes the salmon easier to serve after cooking)."", ""Roast the salmon until it shows just a hint of bright pink when prodded at the center of one of the cuts with a knife, 12 to 15 minutes."", ""Meanwhile, make the pomegranate butter sauce.  Bring the pomegranate juice, red wine, shallots,and  rosemary to a boil in a nonreactive medium saucepan over high heat.  Cook until the mixture is reduced to 2 tablespoons, about 6 minutes.  Reduce the heat to very low."", ""Remove the pan from the heat and whisk in one tablespoon of the butter.  Whisk until the butter softens into a creamy texture, occasionally returning the pan to the heat to keep it warm, but not hot.  Repeat with the remaining butter, one tablespoon at a time.  Season with salt and pepper to taste.  Do not bother to keep the sauce piping hot; it will be warmed by the heat of the salmon."", ""Serve on individual dinner plates and spoon the sauce on top; serve immediately.""]",6.0,1 (214 g),"[""60-minutes-or-less"", ""time-to-make"", ""course"", ""main-ingredient"", ""preparation"", ""occasion"", ""main-dish"", ""seafood"", ""dinner-party"", ""salmon"", ""fish"", ""saltwater-fish"", ""brunch""]"
371718,Devilled Macaroni Cheese,"I'm not sure where I found this recipe but it's a lovely little spin on mac n' cheese. I remember my Dad always having devilled ham spread on his toast when I was younger which was the inspiration for posting this find.The recipe doesn't specify to saute the vegies first but I think it might be a good idea especially if you don't like getting those ""hard"" bits in your casserole.","[""macaroni"", ""onion"", ""capsicum"", ""celery"", ""tasty cheese shredded"", ""devilled ham"", ""dry mustard""]","[""250   g    macaroni, spirals cooked "",""1       onion, finely chopped "",""1       capsicum, finely chopped "",""1   cup    celery, finely diced "",""1 1/2  cups    tasty cheese, shredded "",""3       eggs"",""1 1/4  cups    milk"",""250   g   devilled ham spread"",""1   teaspoon    salt"",""1/4  teaspoon    pepper"",""1/4  teaspoon    dry mustard""]","[""Combine macaroni with vegetables &amp; half the cheese."", ""Beat the eggs with the milk, devilled ham and other seasonings and gently stir into macaroni mixture."", ""Spoon into a greased casserole dish, cover &amp; cook at 180.C for approx 40-45 minutes."", ""Scatter remaining cheese over the top &amp; return to oven uncovered for a further 5 mins or until cheese is nicely melted.""]",5.0,1 (206 g),"[""time-to-make"", ""course"", ""main-ingredient"", ""cuisine"", ""preparation"", ""occasion"", ""south-west-pacific"", ""main-dish"", ""side-dishes"", ""eggs-dairy"", ""pasta"", ""australian"", ""kid-friendly"", ""cheese"", ""dietary"", ""one-dish-meal"", ""comfort-food"", ""pasta-rice-and-grains"", ""elbow-macaroni"", ""taste-mood"", ""4-hours-or-less""]"
436731,"Chicken, Broccoli and Corn Bites",Kids will go crazy for these fun nibbles. Have fun in the kitchen - your little ones will love helping you make these tasty star-shaped crisp bites. TIP – Feel free to express your creativity in the kitchen with all sorts of leftover combinations for alternative crispbites!,"[""potatoes"", ""roast chicken"", ""broccoli florets"", ""sweetcorn"", ""lemon"", ""breadcrumbs"", ""olive oil""]","[""7   ounces    potatoes, peeled and cubed "",""7   ounces   left over roast chicken"",""5   ounces    broccoli, cut into small florets "",""3 1/2  ounces    sweetcorn (fresh, frozen or tinned)"",""1       lemon, Zest of "",""3 1/2  ounces   all purpose flour"",""1       egg, lightly beaten "",""7   ounces    breadcrumbs"",""  olive oil""]","[""Put the potatoes in a small pan, cover with cold water and add a pinch of salt. Bring the water to the boil and cook the potatoes for 10-15 minutes, or until soft, then drain. Pop the potatoes back into the pan and mash them, but do not add any butter or milk. Transfer the mashed potatoes to a mixing bowl and leave to cool."", ""When cool mix in the chopped chicken, broccoli and sweetcorn and season. Dust a surface with flour then turn out the mixture onto the surface. With a floured rolling pin, roll the mixture out to about an inch thick, then with various sized star-shaped cutters cut out lots of the bites."", ""Put the flour, beaten egg and breadcrumbs on three separate plates. Dip the bites in each in order – flour, then egg, then breadcrumbs."", ""Heat olive oil in a large frying pan until it reaches a good sizzling temperature, then fry the bites for 2 mins on each side until crisp or golden. You can place in a warm oven while you finish the rest.""]",4.0,1 (251 g),"[""weeknight"", ""30-minutes-or-less"", ""time-to-make"", ""course"", ""main-ingredient"", ""preparation"", ""occasion"", ""healthy"", ""main-dish"", ""poultry"", ""vegetables"", ""easy"", ""kid-friendly"", ""chicken"", ""dietary"", ""low-saturated-fat"", ""comfort-food"", ""toddler-friendly"", ""low-in-something"", ""meat"", ""broccoli"", ""corn"", ""taste-mood"", ""savory"", ""presentation"", ""served-hot"", ""leftovers""]"
57433,Navratan Raita,This is from today's Weekend magazine. The preparation time does not include refrigeration time.,"[""yogurt"", ""beetroot boiled"", ""carrot"", ""cucumber"", ""red capsicum"", ""onion"", ""green chilies"", ""coriander leaves"", ""mint leaf"", ""red chili powder"", ""almonds skin""]","[""1   cup    yogurt, beaten till smooth "",""1/4  cup    beetroot, boiled and finely chopped "",""1/4  cup    carrot, finely chopped "",""1/4  cup    cucumber, finely chopped "",""1/4  cup    red capsicum, finely chopped "",""1/4  cup    onion, finely chopped "",""2       green chilies, finely chopped "",""2   tablespoons    coriander leaves, finely chopped "",""1   tablespoon    mint leaf, finely chopped "",""  salt"",""  pepper"",""  red chili powder"",""2   tablespoons    almonds, blanched,skin removed and thinly sliced  (lengthwise)""]","[""Put the yogurt in a lare bowl."", ""Add to it the beetroot, carrot, capsicum, onion, green chillies, cucumber and chopped mint and corriander leaves."", ""Mix well."", ""Cover."", ""Refrigerate until ready to serve."", ""Add salt, pepper and red chilli powder just before serving."", ""Mix well."", ""Garnish with almonds."", ""Serve with a spicy curry and rice.""]",2.0,1 (265 g),"[""60-minutes-or-less"", ""time-to-make"", ""course"", ""main-ingredient"", ""cuisine"", ""preparation"", ""occasion"", ""for-1-or-2"", ""appetizers"", ""vegetables"", ""asian"", ""indian"", ""summer"", ""vegetarian"", ""dips"", ""dietary"", ""seasonal"", ""number-of-servings"", ""presentation"", ""served-cold""]"
200128,Cotton Candy Salad,this is a really good recipe you can use any kind of jell-o you think would be good in it I use strawberry.,"[""blueberry gelatin"", ""crushed pineapple"", ""del monte mandarin oranges"", ""cottage cheese"", ""frozen whipped topping""]","[""1 (3   ounce) package   blueberry gelatin"",""1 (8   ounce) can   crushed pineapple in juice"",""1 (15   ounce) can  del monte mandarin oranges, drained "",""1 (12   ounce) carton   cottage cheese"",""1 (9   ounce) container   frozen whipped topping, thawed ""]","[""In a small saucepan combine gelatin and undrained crushed pineapple."", ""Bring to a boil; reduce heat and simmer 3 to 5 minutes or until gelatin is completely dissolved."", ""Remove from heat."", ""Gently stir in drained mandarin oranges."", ""Chill 30 minutes or until slightly thickened."", ""Fold cottage cheese and whipped topping."", ""Transfer mixture to medium bowl; cover and chill 2 to 3 hours or until set.""]",6.0,1 (170 g),"[""course"", ""preparation"", ""occasion"", ""5-ingredients-or-less"", ""desserts"", ""easy"", ""kid-friendly"", ""dietary"", ""comfort-food"", ""toddler-friendly"", ""taste-mood"", ""sweet""]"
224268,Fruit Filled Melons,Another recipe copied from an unknown library book. Pineapple or lemon yogurt can be substituted for the vanilla yogurt.,"[""cantaloupes"", ""apple"", ""peach"", ""lemon juice"", ""fresh blueberries"", ""fresh strawberries"", ""nonfat vanilla yogurt"", ""unsweetened applesauce"", ""ginger"", ""lettuce leaves""]","[""2   large    cantaloupes"",""1   medium    orange, peeled and sectioned "",""1   medium    apple, cubed "",""1   medium    peach, sliced "",""1   teaspoon    lemon juice"",""1   cup    fresh blueberries"",""1/2  cup    fresh strawberries, halved "",""6   ounces    nonfat vanilla yogurt"",""2   tablespoons    unsweetened applesauce"",""1   teaspoon    honey"",""1/4  teaspoon    ginger"",""4   large    lettuce leaves""]","[""With a melon baller, scoop out 2 cups of cantaloupe balls; set aside. Cut out and reserve remaining cantaloupe, for another use, leaving 1/2-inch thick shells."", ""In a large bowl, combine orange, apple and peach. Sprinkle with lemon juice; toss gently. Stir in cantaloupe balls, blueberries, and strawberries."", ""In a small bowl combine the yogurt, applesauce, honey, and ginger."", ""Line melon shells with lettuce; add fruit. Top with yogurt mixture.""]",4.0,1 (654 g),"[""15-minutes-or-less"", ""time-to-make"", ""course"", ""main-ingredient"", ""preparation"", ""low-protein"", ""healthy"", ""salads"", ""fruit"", ""easy"", ""beginner-cook"", ""low-fat"", ""dietary"", ""low-sodium"", ""low-cholesterol"", ""low-saturated-fat"", ""low-calorie"", ""low-carb"", ""healthy-2"", ""low-in-something"", ""melons""]"
97264,Tuna Fruit Salad,"With the warmest month of the year upon us, I thought this would be wonderful. No cooking to heat up the house. Just peel, chop, dice and chill. This comes from one of those other web sites.","[""white wine vinegar"", ""dry mustard"", ""grated lemon"", ""solid white tuna water"", ""sliced celery"", ""sliced green onions"", ""cubed cantaloupe"", ""cubed honeydew melon"", ""red grapes"", ""chopped green apple""]","[""4   tablespoons    white wine vinegar"",""4   tablespoons    oil"",""2   tablespoons    sugar"",""1/4  teaspoon    salt"",""1/8  teaspoon    dry mustard"",""1/4  teaspoon   grated lemon, rind of"",""1 (6   ounce) can   solid white tuna packed in water, drained "",""1/2  cup   sliced celery"",""2   tablespoons   sliced green onions"",""1   cup   cubed cantaloupe"",""1   cup   cubed honeydew melon"",""1/2  cup    red grapes, halved "",""1   cup   chopped green apple""]","[""In small bowl, combine vinegar, oil, sugar, salt, mustard and lemon peel and mix well."", ""In medium bowl, combine remaining ingredients."", ""Add dressing and toss until thoroughly mixed."", ""Chill for 1 hour and serve on lettuce lined plates.""]",4.0,1 (212 g),"[""time-to-make"", ""course"", ""main-ingredient"", ""preparation"", ""salads"", ""fruit"", ""seafood"", ""easy"", ""beginner-cook"", ""diabetic"", ""fish"", ""dietary"", ""tuna"", ""melons"", ""saltwater-fish"", ""4-hours-or-less""]"
515085,Blueberry Crumble Pockets (Cookies),"I found this recipe from the book ""Crazy about Cookies"" by Krystina Castella. I have yet to try this recipe however; it's at the top of my to bake list. I found it hard to find blueberry jam but, was able to locate it at Fred Meyer/Kroger it was one of their Private Reserve jams. I've put in parenthesis which ingredient it used for each step, my apologies for any confusion, the new recipe box feature is bothersome and will not let me play around with the formatting as the original version.","[""butter dough"", ""confectioners  sugar"", ""salt dough"", ""egg yolks"", ""vanilla extract dough"", ""all - purpose flour dough"", ""blueberry jam"", ""blueberries"", ""egg whites"", ""all - purpose flour crumble topping"", ""brown sugar crumble topping"", ""butter crumble topping"", ""salt crumble topping"", ""ground pecans crumble topping""]","[""3/4  cup    butter, softened  (dough)"",""1/4  cup    confectioners\u0027 sugar (dough)"",""1/4  teaspoon    salt (dough)"",""2   large    egg yolks (dough)"",""1   teaspoon    vanilla extract (dough)"",""1 1/2  cups    all-purpose flour (dough)"",""1   cup    blueberry jam (filling)"",""1   cup    blueberries (filling)"",""2   large    egg whites, lightly beaten  (filling)"",""3   tablespoons    all-purpose flour (crumble topping)"",""3   tablespoons    brown sugar (crumble topping)"",""2 1/2  tablespoons    butter (crumble topping)"",""1/8  teaspoon    salt (crumble topping)"",""2   tablespoons    ground pecans (crumble topping)""]","[""Make the crust dough: Cream the butter, sugar and salt until light and fluffy. Mix in the egg yolks and vanilla."", ""Gradually add the flour. Form the dough into two flattened disks, wrap it in plastic wrap, and refrigerate for 1 hour."", ""Preheat the oven to 325 degrees F. Butter 2 cookie sheets."", ""Once the dough is chilled, roll one disk on a floured work surface to 1/4 inch thick. Cut the dough into 3-inch circles with a ravioli cutter or cookie cutter. Place half of the circles on the cookie sheets 1 1/2 inches apart. Repeat with second disk."", ""Fill the cookies:  (1 cup blueberry jam, 1 cup blueberries, 2 large egg whites, lightly beaten) Put 1 teaspoon blueberry jam and a few blueberries in the center of each circle on the cookie sheets. Top with the remaining circles. Press the top and bottom edges of the cookies together with your fingers or the tines of a fork. brush the tops with the egg whites."", ""Make the crumble topping: Mix the flour, brown sugar, butter, salt, and pecans until blended. Press onto the tops of the cookies. Bake for 12-15 minutes, until the edges are golden. Let cool for 5 minutes. Transfer to a rack to cool completely.""]",24.0,1 (44 g),"[""time-to-make"", ""course"", ""main-ingredient"", ""preparation"", ""for-large-groups"", ""rolled-cookies"", ""desserts"", ""fruit"", ""cookies-and-brownies"", ""berries"", ""blueberries"", ""number-of-servings"", ""4-hours-or-less""]"
237710,Blueberry Coleslaw (Including Blueberry Mayonnaise),"This looks so nice when made! It's so festive, not only for holidays, you can enjoy this all year around. It has it's own dressing, and the recipe follows this. I have used this recipe for other fruits, strawberries, raspberries, and you can use fat-free mayonnaise, fat-free sour cream, and Equal, in place of sugar. Cooking time is refrigeration time.","[""green cabbage"", ""red onion"", ""fresh parsley"", ""fresh grated orange zest"", ""fresh blueberries"", ""sour cream"", ""blueberry vinegar"", ""orange juice"", ""cloves"", ""nutmeg"", ""ground black pepper"", ""orange slice"", ""egg yolk"", ""Dijon mustard"", ""blueberry vinegar"", ""salt"", ""white pepper"", ""olive oil""]","[""1   medium    green cabbage, cored and finely shredded "",""1   small    red onion, cut into quarters, thinly sliced and separated "",""1/2  cup    fresh parsley, chopped, grated "",""2   tablespoons   fresh grated orange zest"",""1   pint    fresh blueberries"",""1/2  cup    sour cream"",""1/4  cup    blueberry vinegar"",""3   tablespoons    orange juice"",""1/4  cup    sugar"",""3/4  teaspoon    ground cloves"",""1/4  teaspoon    ground nutmeg"",""  salt"",""  fresh ground black pepper"",""  orange slice (to garnish)"",""1   large    egg"",""1       egg yolk"",""2   teaspoons    Dijon mustard"",""1/4  cup    blueberry vinegar"",""1   teaspoon    sugar"",""1   pinch    salt (to taste)"",""1/4  teaspoon    white pepper"",""1 1/4  cups   mild olive oil""]","[""Place cabbage, onion, parsley, orange zest, and blueberries in a large bowl."", ""Gently toss to mix evenly."", ""In a separate small bowl, whisk together blueberry mayonnaise, sour cream, blueberry vinegar, orange juice, sugar, cloves and nutmeg. Season with salt and pepper to taste."", ""Pour dressing over cabbage and blueberry mixture and toss gently to coat. Refrigerate for 2 hours before serving. Garnish with orange, if desired."", ""Blueberry Mayonnaise:"", ""In a food processor fitted with the metal blade, place egg, egg yolk, Dijon mustard, blueberry vinegar, salt and pepper."", ""Process for 30 seconds until well combined. Turn on the processor and drizzle the olive oil down the chute in a slow steady stream until incorporated. Don""t over-process or the mayonnaise will break down."", ""Taste and adjust the seasoning if necessary."", ""Store in an airtight glass container in the refrigerator."", ""Use as a condiment or salad dressing.""]",6.0,1 (234 g),"[""time-to-make"", ""course"", ""main-ingredient"", ""cuisine"", ""preparation"", ""occasion"", ""north-american"", ""salads"", ""side-dishes"", ""vegetables"", ""american"", ""summer"", ""seasonal"", ""greens"", ""presentation"", ""served-cold"", ""4-hours-or-less""]"
427804,Pancar Salatasi,"Turkish Beetroot salad from ""Turkish Cooking""Drained yoghurt is basically yoghurt put into a muslin cloth and let to drip away some of the liquid (or whey) giving a thicker yoghurt. Hang the yoghurt for about 4 hours.","[""beetroots"", ""yoghurt"", ""caraway"", ""salt pepper"", ""mint fresh chopped""]","[""3       beetroots"",""500   ml    yoghurt, drained "",""1/2  teaspoon    caraway seed"",""  salt \u0026 pepper"",""1   tablespoon    mint, fresh \u0026 chopped ""]","[""Wash the beetroots and cook by boiling. Cool."", ""When cool peel the beetroots and cut into small cubes."", ""Hold aside 1/4 cup beetroots for garnish."", ""Mix beetroots with all the other ingredients. Cover and refrigerate to chill."", ""Garnish with diced beetroots and mint sprigs.""]",6.0,1 (83 g),"[""time-to-make"", ""course"", ""main-ingredient"", ""cuisine"", ""preparation"", ""5-ingredients-or-less"", ""appetizers"", ""vegetables"", ""asian"", ""middle-eastern"", ""easy"", ""dips"", ""turkish"", ""dietary"", ""low-sodium"", ""low-cholesterol"", ""low-calorie"", ""low-carb"", ""low-in-something"", ""4-hours-or-less""]"
210022,Blueberry Bundt Cake,"Slightly different, this one begins with 2 boxes of blueberry muffin mix.  NOTE: You will use the two small cans of blueberries included in the packaged muffin mixes; there are no fresh blueberries in this recipe.  This breakfast cake comes from one of my old ""card libraries"" but don't remember which one. so can't give credit where credit is due.  It's a family favorite.","[""blueberry muffin mix"", ""brown sugar"", ""walnuts chopped"", ""cinnamon"", ""sour cream"", ""confectioners  sugar""]","[""2 (15 1/2  ounce) packages   Duncan Hines blueberry muffin mix"",""1/2  cup    brown sugar"",""1/2  cup    walnuts, chopped "",""1   tablespoon    cinnamon"",""2       eggs"",""1   cup    sour cream"",""1/4  cup    water"",""1/2  cup    confectioners\u0027 sugar"",""2   tablespoons    milk""]","[""Heat oven to 350°."", ""Grease a 12-cup Bundt pan."", ""Drain and rinse blueberries; set aside."", ""Mix brown sugar, nuts and cinnamon; set aside."", ""In a large bowl blend eggs, sour cream and water.  Blend in muffin mix with a fork.  Spread 1/3 of batter in pan; top with half the sugar mixture and half the blueberries."", ""Repeat, ending with last 1/3 of muffin batter."", ""NOTE: I""ve found that if I twist a knife through the batter a few times just before baking that it disperses the cinnamon/nut mixture more evenly and makes a better swirl throughout the entire cake."", ""Bake 50 minutes."", ""Mix confectioners"" sugar and milk until smooth.  Drizzle on warm cake."", ""A great breakfast treat for the whole family.""]",10.0,1 (54 g),"[""time-to-make"", ""course"", ""preparation"", ""breads"", ""breakfast"", ""desserts"", ""cakes"", ""coffee-cakes"", ""4-hours-or-less""]"
338360,Blueberry French Toast,"A tasty french toast that everyone will love!! The recipe comes from Smucker's,,,","[""liquid egg substitute"", ""vanilla"", ""cinnamon"", ""smuckers blueberry jam"", ""white bread whole wheat bread"", ""cooking spray"", ""icing sugar"", ""smucker  s pure blueberry jam"", ""lemon juice""]","[""1   cup    liquid egg substitute, well shaken "",""1   teaspoon    vanilla extract"",""1/2  teaspoon    ground cinnamon"",""1/2  cup   smuckers pure blueberry jam"",""8   slices    white bread or 8   slices    whole wheat bread"",""  nonstick cooking spray"",""  icing sugar"",""1/3  cup   smucker\u0027s pure blueberry jam"",""1   tablespoon    lemon juice""]","[""In a wide shallow dish, whisk together eggs, vanilla, and cinnamon."", ""Spread 2 tablespoons jam on 4 slices of bread; top with remaining bread.  Dip both sides of bread into egg mixture until all the liquid is absorbed."", ""Spray a nonstick skillet with cooking spray.  Heat over low-medium heat and cook bread for 2-3 minutes per side or until golden brown."", ""Serve with a dusting of icing sugar and/or blueberry sauce on top."", ""BLUEBERRY SAUCE:"", ""Combine blueberry jam and lemon juice in a small bowl.  Microwave on high for about 15 seconds to warm mixture; stir well.  Drizzle sauce over French toast."", ""TIP:"", ""1.  Prepare French Toast as directed above, up until bread is dipped in egg mixture, then place on a baking sheet sprayed with nonstick cooking spray.  Cover and refrigerate overnight.  The next morning, bake uncovered in a preheated 350F oven for 20-22 minutes or until golden brown, turning brown, turning bread over after about 15 minutes.  If using blueberry sauce, prepare night before, refrigerate, covered, and warm in microwave for 15-20 seconds before using; stir well."", ""2.  Liquid eggs made from real egg whites are a quick and easy way to add protein to recipes without adding cholesterol or fat.""]",4.0,1 (141 g),"[""15-minutes-or-less"", ""time-to-make"", ""course"", ""preparation"", ""healthy"", ""breakfast"", ""low-fat"", ""dietary"", ""low-cholesterol"", ""low-saturated-fat"", ""low-in-something""]"
457486,Chocolate Supreme Granola,"This is my own version of those super expensive organic chocolate granolas you can buy in your health food store. I tried to healthify it a bit by not adding much sugar and fat and I really liked what I ended up with. I hope youll enjoy this, too. :)Feel free to experiment with different types of fruits, chips and chocolate. This can be vegan if you use a vegan bittersweet chocolate and vegan pb chips.","[""mixed nuts chopped"", ""puffed brown rice cereal sugar"", ""puffed buckwheat cereal sugar"", ""puffed amaranth cereal sugar"", ""oats"", ""corn flakes"", ""desiccated coconut"", ""flax seeds"", ""applesauce"", ""vanilla"", ""raisins"", ""dried banana pieces"", ""dried cherries"", ""peanut butter chips"", ""carob chips"", ""chocolate shavings bittersweet"", ""chocolate chip bittersweet""]","[""1/2  cup    mixed nuts, chopped "",""1/2  cup    puffed brown rice cereal (no sugar added)"",""1/4  cup   puffed buckwheat cereal (no sugar added)"",""1/4  cup   puffed amaranth cereal (no sugar added)"",""2/3  cup    oats"",""1/2  cup    corn flakes (unsweetened)"",""1/4  cup    desiccated coconut (unsweetened)"",""1   tablespoon    ground flax seeds"",""1   tablespoon    honey"",""100   g    applesauce (unsweetened)"",""1/2  teaspoon    vanilla extract"",""1/4  cup    raisins"",""1/2  cup    dried banana pieces"",""1/8  cup    dried cherries"",""1/8  cup    peanut butter chips"",""1/8  cup    carob chips"",""1/8  cup    chocolate shavings (I used bittersweet)"",""1/8  cup    mini chocolate chip (I used bittersweet)""]","[""In a big bowl combine all of the dry ingredients (nuts through flax seeds)."", ""Add the honey, applesauce and vanilla extract. Using your hands mix well making sure that everything is coated nicely."", ""Spread the mixture on a rimmed paper-lined baking sheet pressing it together like you would in order to make cereal bars."", ""Bake in the preheated oven at 160°C/320°F for 25 minutes turning the granola once after 15 minutes. This may vary on your oven so keep a close look on it during the last 10 minutes in order not to burn it."", ""Remove from oven and immediately add in raisins, banana chips, cherries, pb chips, carob chips and shaved chocolate. Once the chocolate has melted, stir to ensure an even chocolate coating."", ""Allow granola to cool and then break up bigger lumps and add in the mini chocolate chips."", ""Store in an airtight container in a cool and dark place. It wont keep longer than a week due to the moisture content."", ""Enjoy.""]",1.0,1 (432 g),"[""60-minutes-or-less"", ""time-to-make"", ""course"", ""main-ingredient"", ""preparation"", ""occasion"", ""granola-and-porridge"", ""breakfast"", ""easy"", ""vegetarian"", ""chocolate"", ""grains"", ""dietary"", ""gifts"", ""egg-free"", ""free-of-something"", ""pasta-rice-and-grains"", ""brunch"", ""to-go"", ""camping""]"
439138,Wicklewood&rsquo;s Chickpea and Vegetable Burgers With Hummus (G,You really don’t have to be a vegetarian to enjoy these tasty little burgers. Boiled white rice is a good substitute when gluten free breadcrumbs are not available. Chopped red pepper would also be a tasty inclusion.,"[""chickpeas"", ""oil"", ""onion"", ""cloves garlic"", ""spinach chopped"", ""cheese"", ""carrot"", ""gluten free breadcrumbs"", ""gluten free pitta breads"", ""sliced beetroot"", ""mixed salad leaves""]","[""2 (250   g) cans   chickpeas"",""1   tablespoon    oil"",""1       onion, chopped "",""2      cloves garlic, crushed "",""50   g    spinach, chopped "",""50   g    cheese, grated "",""1       carrot, grated "",""2       eggs, beaten "",""1   tablespoon    gluten free breadcrumbs"",""  seasoning"",""4       gluten, free pitta breads "",""25   g    hummus"","" sliced beetroot"","" handful mixed salad leaves""]","[""Blend  both cans of chickpeas with their water in a processer into a coarse paste."", ""Over a medium heat, sauté the onion and garlic in the oil  for 2-3 minutes."", ""Mix in the spinach, and cook until spinach begins to wilt."", ""Add to the chickpeas and stir."", ""In a bowl combine the chickpea paste with the cheese, carrot, eggs and breadcrumbs. Season to taste."", ""Shape into four even sized burgers."", ""Gently fry the burgers for 2 mins on each side or until golden, drain on a paper towel."", ""Slit one side of warm pittas to form pockets."", ""Spread  inside the pittas with hummus, insert a handful of  mixed salad leaves, a slice of beetroot and a burger."", ""Serve warm.""]",4.0,1 (259 g),"[""15-minutes-or-less"", ""time-to-make"", ""course"", ""main-ingredient"", ""preparation"", ""lunch"", ""vegetables"", ""easy"", ""diabetic"", ""dietary"", ""gluten-free"", ""free-of-something"", ""pasta-rice-and-grains""]"
168002,Beetroot and Ricotta Wraps,My lunch yesterday.,"[""sweet potato"", ""ricotta cheese fat"", ""lavash bread wholemeal"", ""beetroots"", ""green onions"", ""Spinach""]","[""1   medium    sweet potato"",""2   tablespoons    ricotta cheese, 5% fat "",""1   tablespoon    dill"",""4       lavash bread, wholemeal "",""2      whole beetroots, sliced "",""2       green onions"",""1   cup    Baby Spinach""]","[""Slice sweet potato thinly. Place slices on a plate and cover. Place in microwave on High for 5 minutes or until soft."", ""Combine ricotta cheese and dill."", ""Spread a thin layer of ricotta mix on bread. Thin because otherwise the bread will get soggy. Top with sweet potato, beetroot, green onions and spinach leaves."", ""Roll up firmly. I liked presenting them wrapped in a baking sheet held together with balling twine.""]",4.0,1 (80 g),"[""30-minutes-or-less"", ""time-to-make"", ""course"", ""main-ingredient"", ""cuisine"", ""preparation"", ""occasion"", ""south-west-pacific"", ""lunch"", ""vegetables"", ""australian"", ""easy"", ""picnic"", ""vegetarian"", ""dietary"", ""sandwiches"", ""brown-bag"", ""taste-mood"", ""savory"", ""to-go""]"
380738,Vegetarian Chinese Garlic Mushrooms,"I got this recipe from the book ""400 Best Ever Low Fat/Fat Free Recipes"" by Anne Sheasby. This recipe is great for vegetarians as well as being an awesome appetizer or snack.","[""mushrooms"", ""spring onions"", ""garlic clove"", ""oyster sauce"", ""tofu"", ""sweetcorn"", ""sesame oil""]","[""8   large    mushrooms"",""3       spring onions, sliced "",""1       garlic clove, crushed "",""2   tablespoons    oyster sauce"",""285   g    tofu, diced "",""200   g   can sweetcorn, drained "",""2   teaspoons    sesame oil""]","[""Preheat the oven to 200 degrees Celsius (400 degrees Fahrenheit)."", ""Chop the mushroom stalks into small pieces and add to a medium size bowl."", ""Add the onions, garlic and oyster sauce."", ""Add the tofu and sweetcorn and mix well."", ""Spoon into the mushrooms."", ""Using the sesame oil, brush the edges of the mushrooms and add the mushrooms to a baking dish."", ""Bake for 12-15 min, or until tofu is cooked and tender."", ""Serve.""]",4.0,1 (190 g),"[""60-minutes-or-less"", ""time-to-make"", ""course"", ""main-ingredient"", ""preparation"", ""occasion"", ""lunch"", ""snacks"", ""vegetables"", ""oven"", ""dietary"", ""low-cholesterol"", ""low-saturated-fat"", ""low-calorie"", ""low-carb"", ""mushrooms"", ""low-in-something"", ""corn"", ""onions"", ""taste-mood"", ""savory"", ""equipment""]"
39820,Sweetcorn Mayo Dip,"I haven't tried this yet but it looked interesting. The creator, Marie-Pierre Moine, suggests serving it as an alternative to store-bought dips, with raw vegetables cut into strips or pita bread. It can be mixed up in advance if needed.","[""sweetcorn"", ""mayonnaise"", ""fromage frais low - fat cream cheese"", ""ketchup""]","[""1/2  can    sweetcorn, well drained "",""1   tablespoon    mayonnaise"",""1   tablespoon    fromage frais or 1   tablespoon    low-fat cream cheese"",""1   teaspoon    ketchup""]","[""Use a fork to mix all the ingredients together in a bowl."", ""Cover and chill until needed.""]",2.0,1 (55 g),"[""15-minutes-or-less"", ""time-to-make"", ""course"", ""main-ingredient"", ""cuisine"", ""preparation"", ""occasion"", ""for-1-or-2"", ""5-ingredients-or-less"", ""appetizers"", ""main-dish"", ""eggs-dairy"", ""vegetables"", ""easy"", ""european"", ""no-cook"", ""finger-food"", ""kid-friendly"", ""vegetarian"", ""dips"", ""english"", ""cheese"", ""dietary"", ""one-dish-meal"", ""inexpensive"", ""corn"", ""number-of-servings"", ""presentation"", ""3-steps-or-less"", ""technique""]"
467808,Chicken Corn Chowder,1001 Best Slow Cooker Recipes,"[""chicken broth"", ""chicken breast cubed"", ""tomatoes chopped"", ""chopped onion"", ""chopped green bell pepper"", ""minced jalepeno chili"", ""minced garlic"", ""dried savory"", ""thyme"", ""milk"", ""cornstarch"", ""salt pepper""]","[""1   quart    chicken broth"",""1   lb    chicken breast, boneless skinless cubed "",""3   cups    corn"",""2   medium    tomatoes, chopped "",""1/2  cup   chopped onion"",""1/2  cup   chopped green bell pepper"",""1 -2   teaspoon   minced jalepeno chili"",""1 -2   teaspoon   minced garlic"",""1/2  teaspoon    dried savory"",""1/2  teaspoon    thyme"",""1   cup    milk"",""2   tablespoons    cornstarch"",""  salt and pepper""]","[""Combine all ingredients except milk, cornstarch, salt and pepper in slow cooker; cover and cook on low for 6-8 hours."", ""Turn heat to high and cook 10 minutes; stir in combined milk and cornstarch, stirring 2-3 minutes. Season to taste with salt and pepper.""]",8.0,1 (318 g),"[""course"", ""main-ingredient"", ""preparation"", ""soups-stews"", ""easy"", ""crock-pot-slow-cooker"", ""dietary"", ""low-sodium"", ""low-cholesterol"", ""low-saturated-fat"", ""low-calorie"", ""low-carb"", ""healthy-2"", ""low-in-something"", ""meat"", ""equipment"", ""3-steps-or-less""]"
40177,Homemade Granola,Delicious healthy homemade granola Makes a great snack,"[""oats"", ""oat"", ""crushed almonds"", ""whole grain quinoa"", ""cinnamon"", ""shredded coconut"", ""sunflower seeds"", ""wheat germ"", ""molasses"", ""vanilla"", ""green pumpkin seeds"", ""chopped dates"", ""dried cranberries"", ""amaranth""]","[""3   cups    rolled oats"",""1   cup    oat bran"",""1   cup   crushed almonds"",""1/2  cup   whole grain quinoa"",""1   tablespoon    cinnamon"",""1/2  cup   shredded coconut"",""1/2  cup    sunflower seeds"",""1/2  cup    wheat germ"",""3/4  cup   unprocessed honey"",""1/4  cup    light molasses"",""1   tablespoon    vanilla"",""1   cup   green pumpkin seeds"",""1/2  cup   chopped dates"",""1/2  cup    dried cranberries"",""1   tablespoon    amaranth""]","[""Preheat oven to 250."", ""Spread all ingredients except dates and cranberries on a cookie sheet (or 9 by 13 cake pan)."", ""Stir until well mixed."", ""Bake for 20 minutes."", ""Stir well."", ""Bake another 20 minutes."", ""When cooled, add the dried fruit.""]",12.0,1 (112 g),"[""60-minutes-or-less"", ""time-to-make"", ""course"", ""main-ingredient"", ""preparation"", ""granola-and-porridge"", ""breakfast"", ""easy"", ""grains"", ""dietary"", ""pasta-rice-and-grains""]"
471210,Edam and Bean Wraps,Edam and bean wraps,"[""beans"", ""sweetcorn"", ""salsa"", ""tortillas"", ""lettuce"", ""edam cheese"", ""yoghurt""]","[""1       pepper"",""420   g    beans"",""160   g    sweetcorn"",""6   tablespoons    salsa"",""6       tortillas"",""125   g    lettuce"",""125   g    edam cheese"",""6   tablespoons    yoghurt""]","[""Deseed and dice the pepper, drain and rinse the beans. In a bowl, mix them with the sweetcorn and salsa."", ""Arrange some of the lettuce over the base of a tortilla. Spoon some of the bean mixture onto the top of the centre of the tortilla, then top with a handful of Edam. Spoon 1 tbsp yoghurt on top."", ""Carefully roll up the tortilla, tucking in the ends as you go and cut in half on the diagonal. Repeat with the remaining tortillas and filling.""]",6.0,1 (416 g),"[""15-minutes-or-less"", ""time-to-make"", ""course"", ""main-ingredient"", ""preparation"", ""lunch"", ""eggs-dairy"", ""easy"", ""cheese"", ""sandwiches"", ""3-steps-or-less""]"
125283,Ww Crock Pot  Vegetables and Brown Rice,This is from the Weight Watchers October 2004 Issue.,"[""unsweetened apple juice"", ""curry powder"", ""fresh coarse ground black pepper"", ""cauliflower head"", ""carrots"", ""frozen shelled edamame soy beans"", ""medium onion chopped"", ""tomatoes garlic"", ""cooked brown rice"", ""chopped roasted peanuts""]","[""1/4  cup    unsweetened apple juice"",""1   tablespoon    curry powder"",""1/2  teaspoon    salt"",""1/4  teaspoon    fresh coarse ground black pepper"",""1   medium    cauliflower head, broken into pieces  (about 6 cups)"",""3       carrots, sliced into 1/2-inch pieces "",""1 1/2  cups   frozen shelled edamame (soy beans)"",""1   medium    onion, chopped "",""1 (14 1/2  ounce) can  diced tomatoes with garlic"",""2   cups   hot cooked brown rice"",""2   tablespoons   chopped roasted peanuts""]","[""Spray the inside of a 3 1/2- 6 qt slow cooker with nonstick spray."", ""Stir together the apple juice, curry powder, salt and the pepper in a large bowl."", ""Add the cauliflower, carrots, edamame, onion and tomatoes; toss well."", ""Spoon into crock pot."", ""Cover and cook on high till the veggies are tender, 4-5 hours"", ""Serve with rice and sprinkle with peanuts.""]",4.0,1 (438 g),"[""time-to-make"", ""course"", ""main-ingredient"", ""preparation"", ""main-dish"", ""rice"", ""vegetables"", ""easy"", ""vegetarian"", ""crock-pot-slow-cooker"", ""dietary"", ""pasta-rice-and-grains"", ""carrots"", ""cauliflower"", ""equipment""]"
417020,Amaranth &amp; Whole Wheat Bread for Bread Machine,"This recipe is adapted from The Bread Machine Cookbook by Donna Rathmell German. I used applesauce rather than oil, and whole wheat flour rather than bread flour. I omitted nonfat dry milk powder and chopped walnuts, and added flax meal, vital wheat gluten, and oat bran. The amounts here will make one large (2 lb) loaf.","[""water"", ""applesauce"", ""vanilla"", ""amaranth flour"", ""whole wheat flour"", ""wheat gluten"", ""flax seed meal"", ""oat bran""]","[""1 1/4  cups    water (warm)"",""2 1/2  tablespoons    applesauce (or 2 generous Tablespoons)"",""1/4  cup    honey"",""1       egg (room temperature)"",""1   teaspoon    vanilla extract"",""1 1/2  teaspoons    salt"",""2/3  cup    amaranth flour"",""3   cups    whole wheat flour"",""3   tablespoons    vital wheat gluten"",""2   tablespoons    flax seed meal"",""2   tablespoons    oat bran"",""2   teaspoons    yeast""]","[""I used the Large Loaf, Whole Wheat, Light Crust Cycle for my machine--follow directions for your bread machine. I put all wet ingredients into the bread machine mixer bowl first. Then I mix all dry ingredients together in a separate bowl except yeast, particularly so the vital wheat gluten won""t clump up. Pour dry ingredients on top of wet, add yeast, and there you go!""]",14.0,1 (67 g),"[""lactose"", ""weeknight"", ""time-to-make"", ""course"", ""main-ingredient"", ""preparation"", ""occasion"", ""for-large-groups"", ""breads"", ""bread-machine"", ""easy"", ""vegetarian"", ""grains"", ""dietary"", ""yeast"", ""free-of-something"", ""pasta-rice-and-grains"", ""equipment"", ""small-appliance"", ""number-of-servings"", ""3-steps-or-less"", ""4-hours-or-less""]"
407299,Sticky Bacon &amp; Sweet Potato Jackets,From an old BBC Food magazine,"[""sweet potatoes"", ""spring onion"", ""sweetcorn"", ""maple syrup"", ""Dijon mustard""]","[""4       sweet potatoes, about 300 grams each "",""8   slices    bacon"",""2   teaspoons    oil"",""1   bunch    spring onion, chopped "",""200   g    sweetcorn, drained "",""3   tablespoons    maple syrup or 3   tablespoons    honey"",""1   teaspoon    Dijon mustard""]","[""Pierce skin of potatoes."", ""Microwave on High for 10 - 12 minutes till soft, turn them over halfway."", ""Halve potatoes lengthways."", ""Scoop 1/3 of flesh out and place in mixing bowl."", ""Place potato skins on baking sheet."", ""Chop bacon into chunky pieces and fry in oil till cooked."", ""Add to bowl and combine with remaining ingredients."", ""Season to taste."", ""Spoon this mixture back into potato skins."", ""Grill till heated through and golden.""]",4.0,1 (214 g),"[""weeknight"", ""30-minutes-or-less"", ""time-to-make"", ""course"", ""main-ingredient"", ""preparation"", ""occasion"", ""lunch"", ""main-dish"", ""vegetables"", ""kid-friendly"", ""dietary"", ""inexpensive""]"
417680,Greens and Grains,"This is a healthy recipe that is nutrient rich, full of fiber, gluten free, and completely vegetarian while maintaining a healthy balance of carbohydrate, protein, and fat.","[""amaranth"", ""water"", ""collard greens"", ""vegetable stock"", ""red wine vinegar"", ""Dijon mustard"", ""lentils"", ""red wine"", ""sprigs thyme"", ""dried mushrooms""]","[""1   cup    amaranth"",""3   cups    water"",""1   bunch    collard greens"",""4   cups    vegetable stock"",""2   tablespoons    red wine vinegar"",""1   tablespoon    Dijon mustard"",""1   cup    lentils"",""1   teaspoon    garlic"",""2   teaspoons    shallots"",""3       morels"",""1/2  cup    red wine"",""2   sprigs    thyme"",""2 1/2  teaspoons    salt"",""1/4  teaspoon    pepper"",""5       dried mushrooms""]","[""Cook Amaranth and Lentils for 20 minutes in separate saucepans."", ""Place Collards and stock into medium saucepan and bring to boil. Stir in red wine vinegar and Dijon mustard.  Simmer.  Cover and cook for 12-20 minutes."", ""Remove cover and sprinkle with smoked salt."", ""For Sauce:  Sauté Garlic, Shallot, and Morel Mushrooms.  Remove sautéed garlic, shallot, and morel mushrooms and place to the side."", ""Deglaze with Red Wine reduce to au sec."", ""Add Veg Stock and Thyme, reduce to nape."", ""Add sautéed garlic, shallot, and morel mushroom back to sauce.  Season."", ""Place amaranth, collards, and lentils in a ring mold.  Press to make sure mold stays in tact and remove ring mold."", ""Sauce."", ""Garnish with some dried toasted mushrooms.""]",1.0,1 (1933 g),"[""weeknight"", ""60-minutes-or-less"", ""time-to-make"", ""course"", ""main-ingredient"", ""preparation"", ""occasion"", ""for-1-or-2"", ""main-dish"", ""beans"", ""vegetables"", ""easy"", ""vegetarian"", ""grains"", ""dietary"", ""one-dish-meal"", ""lentils"", ""pasta-rice-and-grains"", ""greens"", ""number-of-servings""]"
412508,Dragon Fruit Boats,This Malaysian dish is a quick and nutritious lunch or appetizer at the start of a  wonderful meal.,"[""boneless chicken breast"", ""baby shrimp"", ""dragon fruit"", ""kiwi fruit"", ""strawberries"", ""hoisin sauce"", ""mint chopped"", ""chicken broth"", ""lime juice""]","[""1   cup    boneless chicken breast, diced in one inch cubes "",""1   cup    baby shrimp (defrosted if frozen)"",""2       dragon fruit"",""1       kiwi fruit, skinned and cut into pieces "",""2       strawberries, cut into pieces "",""1 1/2  tablespoons    hoisin sauce"",""1 1/2  tablespoons    sugar"",""1   teaspoon    mint, chopped "",""5   tablespoons    chicken broth"",""2   teaspoons    lime juice"",""2   teaspoons    cornstarch""]","[""Cut the two dragon fruits into halves lengthwise. Scoop the flesh out to make balls. You want the balls to be the size of melon balls. Remove any remaining flesh and keep the outer skin of the dragon fruits."", ""Mix all ingredients of sauce mix and set aside."", ""Stir-fry chicken cubes in 2 tbsp oil until done (chicken cubes are no longer pink). Add the baby shrimp and the sauce mix and bring to just below a boil. Sauce should start to thicken. Stir in fruit and serve immediately in the skin of the dragon fruits.""]",4.0,1 (56 g),"[""60-minutes-or-less"", ""time-to-make"", ""course"", ""main-ingredient"", ""cuisine"", ""preparation"", ""occasion"", ""malaysian"", ""appetizers"", ""lunch"", ""fruit"", ""poultry"", ""asian"", ""easy"", ""dinner-party"", ""chicken"", ""stir-fry"", ""inexpensive"", ""tropical-fruit"", ""meat"", ""chicken-breasts"", ""taste-mood"", ""savory"", ""3-steps-or-less"", ""technique""]"
262751,Chicken Black Bean Taco Salad,I got this out of a cooking light a few years ago. The dressing is amazing-the whole salad is terrific!,"[""diced tomatoes"", ""chopped cilantro"", ""olive oil"", ""cider vinegar"", ""lime zest"", ""fresh lime juice"", ""garlic clove minced"", ""cumin"", ""chili powder"", ""lettuce"", ""chicken breasts"", ""diced tomatoes"", ""can black beans jalepeno black beans cumin ones"", ""shredded cheese"", ""red onion green pepper avocado black olives""]","[""1/4  cup   diced tomatoes"",""1/4  cup   chopped cilantro"",""2   tablespoons    olive oil"",""1   tablespoon    cider vinegar"",""1   teaspoon    lime zest"",""1   tablespoon    fresh lime juice"",""1       garlic clove (minced)"",""1/4  teaspoon    salt"",""1/4  teaspoon    pepper"",""1/4  teaspoon    cumin"",""1/4  teaspoon    chili powder"",""8   cups    lettuce"",""2       chicken breasts (cooked)"",""1   cup   diced tomatoes"",""1 (15   ounce) can   black beans (I like the the jalepeno black beans or the cumin ones by Kunars)"",""1   cup   shredded cheese"",""  red onion, green pepper, avocado, black olives, etc ""]","[""Combine vinaigrette ingredients in a bowl &amp; mix well (or you can toss them all in a food processor &amp; blend.)."", ""Layer salad ingredients, &amp; top with vinaigrette."", ""Enjoy!"", ""(To make lighter, you can reduce oil to 1 T, and skip the cheese!).""]",4.0,1 (405 g),"[""60-minutes-or-less"", ""time-to-make"", ""course"", ""main-ingredient"", ""preparation"", ""salads"", ""poultry"", ""chicken"", ""meat""]"
190576,"Penne With Pistachios, Asparagus, and Cream",This is a unique combination of flavors that I used just to mix the same old pasta dish up a little.,"[""pistachio nut"", ""asparagus"", ""unsalted butter"", ""garlic clove"", ""fresh ground pepper"", ""dry white wine"", ""fat"", ""jalepeno chili pepper flakes red pepper flakes"", ""sea salt"", ""dry penne pasta"", ""parmigiano - reggiano cheese""]","[""1/3  cup    pistachio nut"",""1   lb    asparagus, cut into thirds "",""1/4  cup    unsalted butter"",""1   large    garlic clove, peeled and cut in half "",""1/4  teaspoon    fresh ground pepper"",""1/3  cup    dry white wine"",""1 1/4  cups    fat-free half-and-half"",""1/2  teaspoon   jalepeno chili pepper flakes or 1/2  teaspoon    red pepper flakes"",""1 1/2  teaspoons    sea salt"",""1   lb    dry penne pasta"",""1/2  cup    parmigiano-reggiano cheese, freshly grated ""]","[""Preheat oven to 350 degrees."", ""Toast the nuts on a baking sheet for 5-7 minutes; cool, chop and set aside."", ""Cook the asparagus in a stock pot in boiling salted water, uncovered, over medium high heat until tender, about 3 m inutes."", ""Remove asapargus saving the water so the pasta can be prepared in the same pot."", ""Saute garlic in butter in a saute pan over medium high heat, pressing the garlic with a wooden spoon to release its flavor.  When the edges start to brown, remove and discard garlic."", ""Add the asparagus and ground pepper."", ""Increase the heat to high and pour in the wine, stirring for about 1 minute.  Reduce the heat to medium."", ""Pour the half and half over asparagus mixture and simmer about 2 minutes.  Season with salt; and jalepeno pepper flakes.  Keep warm while boiling the pasta."", ""Prepare penne according to directions (in asparagus water.)Drain and return to pot."", ""Combine asparagus sauce with pasta, stirring over low heat."", ""Add cheese, stirring until it melts; transfer to a platter."", ""Garnish with pistachio nuts and serve immediately.""]",10.0,1 (144 g),"[""60-minutes-or-less"", ""time-to-make"", ""course"", ""main-ingredient"", ""preparation"", ""main-dish"", ""pasta"", ""vegetables"", ""dietary"", ""pasta-rice-and-grains"", ""penne"", ""asparagus""]"
159456,Rich Nutty Granola,"Spun my own version after browsing dozens of recipes for granola. Am still tweaking the fine details, but the flavor came out fantastic on first try; well worth another go. The recipe is flexible - mix and match ingredients to your heart's content. Happy crunching!","[""rolled oats"", ""cut oats"", ""wheat bran"", ""oat bran"", ""flax seed"", ""sunflower seeds"", ""amaranth"", ""wheat germ"", ""textured vegetable protein flakes"", ""almonds"", ""vegetable oil"", ""sorghum"", ""clover honey"", ""walnut syrup flavor"", ""vanilla"", ""cinnamon stick"", ""cinnamon"", ""cooking spray"", ""dried fruit""]","[""5 1/2  cups    rolled oats, not instant "",""1   cup    steel cut oats"",""1   cup    wheat bran"",""2/3  cup    oat bran"",""2/3  cup    flax seed, golden "",""1/3  cup    sunflower seeds"",""1/2  cup    amaranth"",""1   cup    wheat germ, raw "",""1   cup    textured vegetable protein, flakes "",""1 1/2  cups    almonds, sliced "",""1/2  cup    vegetable oil"",""1/2  cup    sorghum"",""2 -3   tablespoons   clover honey"",""2   tablespoons    walnut syrup (or other desired flavor)"",""1/4  cup    Splenda granular"",""3   teaspoons    vanilla"",""1       cinnamon stick, broken into pieces "",""1/2  teaspoon    ground cinnamon"",""1/2  teaspoon    salt"",""  nonstick cooking spray"",""  dried fruit""]","[""Preheat oven to 300 degrees."", ""Combine ""Dry Ingredients"" in a large bowl."", ""Heat ""Syrup Ingredients"" in a small saucepan over medium-low heat, stirring, until smooth. Reduce heat to low."", ""Add syrup mixture to dry granola, about 1/4 - 1/2 cup at a time, mixing granola to coat evenly."", ""Lightly spray two cookie sheets with nonstick cooking spray. Divide granola-syrup mixture in two and spread each half on a cookie sheet, making sure the granola makes an even layer that reaches all the way to edges."", ""Bake at 300 degrees for 30-45 minutes, stirring every 10-15 minutes to prevent burning. Remove from oven &amp; cool on wire racks."", ""For a small crumble texture, stir granola periodically while cooling; for clusters, allow to cool completely before gently breaking granola."", ""When completely cool, mix in any desired fruits and store in an airtight container (or add fruits/other toppings when serving). NOTE: remove any cinnamon stick pieces before serving.""]",24.0,1 (77 g),"[""60-minutes-or-less"", ""time-to-make"", ""course"", ""main-ingredient"", ""preparation"", ""occasion"", ""for-large-groups"", ""granola-and-porridge"", ""breakfast"", ""lunch"", ""snacks"", ""beans"", ""fruit"", ""oven"", ""easy"", ""beginner-cook"", ""kid-friendly"", ""vegetarian"", ""grains"", ""stove-top"", ""dietary"", ""gifts"", ""oamc-freezer-make-ahead"", ""brown-bag"", ""soy-tofu"", ""toddler-friendly"", ""pasta-rice-and-grains"", ""taste-mood"", ""sweet"", ""to-go"", ""camping"", ""equipment"", ""number-of-servings""]"
90356,Tofu &amp; Mixed Vegetable Stir Fry,"This recipe is a amalgam of 40 years of stir frying. Do what I did, add the things you like, delete the things you don't. Include ideas you found in other recipes and then file the serial number off and claim it's your's. It worked in my case.","[""dried shiitake mushroom"", ""chicken stock"", ""rice wine Dry Sherry"", ""soya sauce soy beans salt Water"", ""cornstarch"", ""tofu"", ""sesame seeds"", ""peanut oil"", ""garlic cloves minced"", ""ginger grated"", ""cauliflower"", ""broccoli"", ""snow peas"", ""baby carrots"", ""julinne red bell pepper"", ""yellow bell pepper julinne"", ""green onion"", ""fresh bean sprout"", ""sambal oelek"", ""peanut oil"", ""fine rice noodles""]","[""1 -2       dried shiitake mushroom"",""1/3  cup    chicken stock"",""1/4  cup    rice wine (Dry Sherry is OK. NOT COOKING SHERRY)"",""4   tablespoons    soya sauce (The best is made with soy beans, salt,and Water. Nothing else.)"",""2   tablespoons    cornstarch"",""1/2  lb    firm tofu, cut into 1/2 inch cubes "",""2   tablespoons    sesame seeds"",""2   tablespoons    peanut oil"",""3 -4       garlic cloves, minced "",""2   tablespoons    ginger, grated "",""1/4  cup   cut bite size cauliflower"",""1/4  cup   cut bite size broccoli"",""1/4  cup   cut bite size snow peas"",""1/4  cup   cut bite size baby carrots"",""1/4  cup   cut bite size julinne red bell pepper"",""1/4  cup   cut bite size yellow bell pepper, julinne "",""1/4  cup   cut bite size green onion, 1 inch pieces "",""1/2  lb    fresh bean sprout"",""  sambal oelek"",""3   tablespoons    peanut oil"","" uncooked fine rice noodles""]","[""Put the Shiitaki in a micro wave safe bowl with water to cover."", ""Nuke for 22 seconds.  Let set for 30 minutes."", ""Mix the four marinade ingredients.  Add the Tofu.  Stir gently to coat."", ""When the mushrooms are ready, drain and cut into thin slices the size of your thumb nail.  Set aside."", ""Heat the wok."", ""Toast the Sesame Seeds ""til golden.  Set aside."", ""Add the Oil to wok.  Swirl to coat. Add garlic and Ginger.  Stir fry 1 minute."", ""Add all the vegetables but snow peas and Bean sprouts.  Stir fry 3-4 minutes."", ""Add Snow peas, Stir fry 2 minutes."", ""Push vegetables up the sides of the wok."", ""Lift the Tofu from the marinade, set aside."", ""Add the Sabal Oelek to the marinade, Mix well, add to the center of the wok. ***NOTE*** If you""re not familiar with Sabal Oelek, it is an delicious asian chili paste but IT IS HOT! By all means got to know it but use caution try less than 1/4 teaspoon the first time. You can work you""re way up as you learn."", ""Stir ""til the sauce starts to thicken."", ""Add the Tofu and Bean Sprouts, stir gently to mix."", ""Heat through."", ""Empty the wok into a serving bowl.  keep warm."", ""Quickly clean and dry the wok.  Heat, add 3 TBS oil.  Add noodles, stir as they puff."", ""Place hot noodles on each plate.  Top with the vegetables.  Top with toasted Sesame Seeds.  Serve.""]",4.0,1 (165 g),"[""time-to-make"", ""course"", ""main-ingredient"", ""cuisine"", ""preparation"", ""szechuan"", ""main-dish"", ""beans"", ""vegetables"", ""asian"", ""chinese"", ""dietary"", ""stir-fry"", ""soy-tofu"", ""technique"", ""4-hours-or-less""]"
356774,Spicy Thai Basil Chicken (Gkai Pad Gkaprow),"This is my adaptation of an authentic Thai recipe.  Thai basil is a very unique flavor and shines in this simple dish.   Adjust the hot peppers to your own taste - as written, it is inedible for me, and I like hot food!  Personlly, I use 3 jalapenos and do not include the seeds.  Serve with sambal olek or minced peppers so that those who like it really hot can add their own heat.","[""peanut oil"", ""garlic cloves minced"", ""onion"", ""chicken breast"", ""Thai peppers serrano jalepeno"", ""lime zest"", ""soy sauce Tamari"", ""fish sauce"", ""Thai basil""]","[""2   tablespoons    peanut oil"",""10       garlic cloves, minced "",""1/2  cup    onion, thinly sliced "",""1   lb    chicken breast, cut into small 1/2 inch bite size pieces "",""12 -20       Thai peppers, finely chopped  (or substitute 4-6 serrano or jalepeno)"",""1   tablespoon    lime zest"",""1   tablespoon    soy sauce (Tamari works best)"",""1   tablespoon    fish sauce"",""1   cup    Thai basil"",""1   dash    white pepper""]","[""Heat a wok until it is very hot.  Add the peanut oil and stir fry the garlic followed a few seconds later by the onion. Stir fry for about 15 to 20 seconds before adding the chicken. Stir fry for 1 to 2 minutes, or until most of the chicken has changed color on the outside and is no longer pink."", ""Toss in the chillies and lime zest. Sprinkle soy sauce and fish sauce over the mixture and stir-fry for another 15 to 20 seconds, then add the Thai basil. Stir-fry another minute, or until the basil is wilted and the chicken is cooked through. Sprinkle with white pepper.  Serve over white rice or in lettuce ""cups."".""]",4.0,1 (167 g),"[""30-minutes-or-less"", ""time-to-make"", ""course"", ""main-ingredient"", ""cuisine"", ""preparation"", ""main-dish"", ""poultry"", ""asian"", ""thai"", ""easy"", ""chicken"", ""meat"", ""chicken-breasts"", ""3-steps-or-less""]"
415028,Mexican Pot Pie,"This is a take off of Linda'sBusyKitchen recipe, which is awesome! I didn't have chicken and we like to add to it anyway, so I figured I would post it here.","[""ground turkey"", ""corn"", ""black beans drained chili beans"", ""green chilies jalepenos"", ""salsa"", ""black olives"", ""monterey jack cheese shredded"", ""cheddar cheese shredded"", ""Jiffy corn muffin"", ""milk"", ""reduced - fat sour cream"", ""cumin"", ""garlic powder""]","[""1   lb    lean ground turkey (93% lean is best)"",""11   ounces    corn, drained "",""15   ounces    black beans, drained  (or chili beans)"",""4   ounces    diced green chilies (or jalepenos)"",""16   ounces    salsa"",""4   ounces   sliced black olives"",""4   ounces    monterey jack cheese, shredded  (1 cup)"",""4   ounces    cheddar cheese, shredded  (1 cup)"",""8 1/2  ounces    Jiffy corn muffin mix"",""1       egg"",""1/3  cup    milk"",""1/3  cup    reduced-fat sour cream"",""2   teaspoons    cumin"",""1   teaspoon    garlic powder""]","[""brown turkey and drain."", ""spray a 2 1/2-3 qt casserole and combine turkey, corn, beans, chilis, salsa and olives. stir in cheese and pour into casserole."", ""mix jiffy mix with egg, milk, sour cream, cumin and garlic."", ""spread over turkey mixture"", ""bake at 400 for 25-30 minutes.""]",6.0,1 (408 g),"[""weeknight"", ""60-minutes-or-less"", ""time-to-make"", ""course"", ""main-ingredient"", ""cuisine"", ""preparation"", ""occasion"", ""north-american"", ""main-dish"", ""beans"", ""american"", ""southwestern-united-states"", ""tex-mex"", ""easy"", ""beginner-cook"", ""kid-friendly"", ""dietary"", ""one-dish-meal"", ""comfort-food"", ""meat"", ""taste-mood""]"
374540,Pineapple &amp; Mango Rum,marthastewart.com,"[""ripe mangoes"", ""mango skin"", ""golden rum"", ""fresh pineapple juice pineapple"", ""tropical fruit dragon fruit star fruit""]","[""2 1/2  small   ripe mangoes, peeled and cubed "",""1/2      mango, cut into slices with skin for garnish "",""4   ounces   best-quality golden rum"",""4   cups    fresh pineapple juice (from a 4 1/2-pound pineapple)"","" fresh tropical fruit, such as dragon fruit and star fruit, for garnish ""]","[""Puree mangoes, rum, and 1/2 cup water in a blender. Pour 2 ounces puree into each of six 12-ounce glasses. Fill glasses with ice, and top off with pineapple juice. Garnish with tropical fruit.""]",6.0,1 (325 g),"[""15-minutes-or-less"", ""time-to-make"", ""course"", ""preparation"", ""low-protein"", ""healthy"", ""5-ingredients-or-less"", ""beverages"", ""easy"", ""low-fat"", ""cocktails"", ""dietary"", ""low-sodium"", ""low-cholesterol"", ""low-saturated-fat"", ""low-calorie"", ""healthy-2"", ""low-in-something"", ""3-steps-or-less""]"
338924,Winter Melon Soup,From my 42 year old cookbook written by Diana Liu. Winter melon is found in Asian markets. It is also known as white gourd.,"[""winter melon white gourd"", ""ham"", ""chicken broth"", ""fresh ginger"", ""onion"", ""sherry wine"", ""dried Chinese mushrooms mushrooms boiling water stems""]","[""1   lb    winter melon (white gourd)"",""1/3  cup    ham"",""1 (14   ounce) can   chicken broth"",""3 1/2  cups    water"",""1   inch    fresh ginger"",""1       green onion"",""1   teaspoon    sherry wine"",""2   teaspoons    salt"",""2       dried Chinese mushrooms, diced  (soak mushrooms in boiling water to cover for 20 minutes, squeeze dry and cut off stems)""]","[""Remove melon skin and seeds, cut into 1"" squares. Slice ham into thin slices. Cook broth, 3 1/2 cups water, ginger, green onion, sherry,mushrooms, and melon for 1 hour. Add ham for 10 minutes. Remove onion and ginger before serving. Serve hot.""]",6.0,1 (227 g),"[""time-to-make"", ""course"", ""cuisine"", ""preparation"", ""occasion"", ""soups-stews"", ""asian"", ""easy"", ""winter"", ""seasonal"", ""3-steps-or-less"", ""4-hours-or-less""]"
90030,Maple Chicken Stir Fry,On 23 April 2004 Jan in Lanark posted #89837 Maple Chicken. It looked wonderful as I read it. The problem was I'd been locked into a stir fry mode for the last couple of weeks and I liked being there. I had a pint and mulled it all over. Somewhere along the way the thought came to me. Why not Sweet and sour Chicken using maple syrup instead of sugar or honey? Not authentic but then if the Chinese had sugar maples they are too practical not to use them. This could be what one of them might have come up with. The times are a guess.,"[""real maple syrup"", ""rice vinegar"", ""rice wine Dry Sherry"", ""soya sauce water soy beans salt"", ""cornstarch"", ""boneless skinless chicken breasts boneless skinless chicken thighs"", ""cornstarch"", ""fresh ground black pepper"", ""peanut oil"", ""peanut oil"", ""ginger grated"", ""cloves garlic minced"", ""whole japones chilies Red Chili flakes"", ""green onions"", ""red bell pepper julienne"", ""daikon radishes"", ""snow peas"", ""water"", ""cooked jasmine rice basmati rice""]","[""1/4  cup    real maple syrup"",""2   tablespoons    rice vinegar"",""2   tablespoons    rice wine (Dry Sherry will do)"",""2   tablespoons    soya sauce (the best is made with water, soy beans, and salt, nothing else)"",""2   tablespoons    cornstarch"",""3       boneless skinless chicken breasts or 3       boneless skinless chicken thighs, cut bite size "",""4   tablespoons    flour"",""1   tablespoon    cornstarch"",""1/4  teaspoon    fresh ground black pepper"",""2   tablespoons    peanut oil"",""2   tablespoons    peanut oil, again "",""2 -3   teaspoons    ginger, grated "",""4   cloves    garlic, minced "",""5   whole   japones chilies (1-2 tsp crushed Red Chili flakes will do)"",""4       green onions, cut an inch long,all of the white,most of the green "",""1/3      red bell pepper, julienne "",""1 1/2  inches    daikon radishes, peeled,julienne "",""1/4  lb    snow peas"",""1/4  cup    water, room temperature "","" cooked jasmine rice or   basmati rice""]","[""Mix the first 5 sauce ingredients, set aside."", ""Combine the flour, cornstarch, and black pepper in a bag."", ""Add the chicken, shake to coat."", ""Heat the wok over high heat."", ""Add 2 TBS oil, swirl to coat."", ""Add the chicken, 8-10 pieces at a time."", ""Stir fry""til done, 2-3 minutes."", ""Drain on a paper towel. Add oil as needed."", ""Continue until all of the chicken is done."", ""Reheat the wok."", ""Add 2 TBS oil."", ""Add ginger, garlic, and chilies."", ""Cook 1 minute. Remove and discard the chilies."", ""Add vegetables, stir fry 3-4 minutes."", ""Push vegetables up the sides of the wok."", ""Add water to the center of the wok."", ""Cover."", ""Steam for 2 minutes."", ""Return the chicken."", ""Re-stir the sauce, add to the wok."", ""Stir""til the sauce has thickened well."", ""Serve with rice, Basmati is my favorite.""]",4.0,1 (200 g),"[""60-minutes-or-less"", ""time-to-make"", ""course"", ""main-ingredient"", ""cuisine"", ""preparation"", ""main-dish"", ""poultry"", ""asian"", ""chinese"", ""chicken"", ""stove-top"", ""dietary"", ""stir-fry"", ""meat"", ""equipment"", ""technique""]"
59762,Easy Bitter Gourd Salad I Love Way Too Much!,"From today's City Times, this is going to be part of my dinner tonight;) I had made this ages back and forgotten all about it. It's wonderful - the combo of all the ingredients goes great with the lemon juice poured on top. Bittergourd is good for health too. So what are you waiting for - try this and hey, I'm waiting for a nice review;)","[""bitter melons"", ""tomatoes"", ""medium onions"", ""lemons juice"", ""turmeric powder"", ""oil bittergourd""]","[""2       bitter melons, finely sliced "",""2   medium    tomatoes, peeled and sliced "",""2   medium    onions, peeled and sliced "",""2       lemons, juice of"",""1   pinch    turmeric powder"",""  salt"",""2   tablespoons    oil, to fry bittergourd ""]","[""Scrape off the skin of the bittergourd and any hard edges and trim the ends."", ""Finely slice the bittergourd (in circles)."", ""Heat oil in a pan."", ""Fry the bittergourd slightly in it."", ""Add a pinch of turmeric powder and salt to taste."", ""Mix well."", ""Remove from heat."", ""Once it has cooled, arrange the bittergourd on a plate with the sliced tomatoes and onions."", ""Add lemon juice on top."", ""Serve immediately."", ""ENJOY!""]",1.0,1 (294 g),"[""60-minutes-or-less"", ""time-to-make"", ""course"", ""main-ingredient"", ""cuisine"", ""preparation"", ""for-1-or-2"", ""salads"", ""vegetables"", ""asian"", ""indian"", ""diabetic"", ""vegetarian"", ""stove-top"", ""dietary"", ""inexpensive"", ""onions"", ""tomatoes"", ""equipment"", ""number-of-servings""]"
105014,Handavo (Spicy Cake),This is Harsha Lakhani's prize winning recipe from the Thursday magazine (dated May27-June 2'2004) Enjoy!,"[""rice flour"", ""urad"", ""gram flour"", ""baking soda"", ""mustard seeds"", ""sesame seeds"", ""fennel seed"", ""asafoetida powder"", ""fat - free yogurt"", ""gourd"", ""fresh ginger"", ""chili paste"", ""fresh lemon juice""]","[""2   cups    rice flour"",""1/2  cup   urad flour"",""1   cup    gram flour"",""1   teaspoon    baking soda"",""1   teaspoon    mustard seeds"",""1   teaspoon    sesame seeds"",""1   teaspoon    fennel seed"",""1/2  teaspoon    asafoetida powder (hing)"",""2   tablespoons    sugar"",""5   teaspoons    oil"",""1   cup    plain fat-free yogurt"",""  salt"",""1 (200   g) bottle   gourd, grated "",""1   teaspoon   crushed fresh ginger"",""1   teaspoon    chili paste"",""1   teaspoon    fresh lemon juice""]","[""In a bowl, mix the rice flour, urad flour, gramflour, yogurt and water (As Required) to get a pouring consistency."", ""Allow this to ferment for 5-6 hours."", ""Squeeze out the excess water from the grated bottle gourd."", ""Add 4 tbsps."", ""oil, lemon juice, baking soda, sugar, grated ginger, chilli powder and salt to taste to the fermented batter."", ""Mix this extremely well."", ""Grease a baking tray with a little oil."", ""Pour the prepared mixture into it."", ""Now pour 5 tbsps."", ""of oil in a pot and heat on medium flame until hot."", ""Add mustard seeds and allow them to splutter."", ""Once they stop spluttering, add sesame seeds,fennel (ajwain) seeds and asafoetida powder."", ""Stir-fry this mixture until it turns reddish in colour."", ""Remove from heat."", ""Spread this mixture over the mixture in the greased baking dish."", ""Pre-heat your oven to 190°C."", ""Bake the mixture in the greased dish for 35-40 minutes until the upper layer becomes brownish in colour."", ""Check with a toothpick to see if it""s baked properly or not."", ""To do so, insert a toothpick into the baked mixture and remove."", ""If the mixture sticks to the toothpick, bake for some more time and watch carefully so as to not let the mixture burn."", ""If the toothpick comes out clean, the mixture has been baked properly."", ""Remove from oven."", ""After 5 minutes have passed, cut the mixture into 2 cm sized squares."", ""Serve hot with Heinz tomato ketchup and green chutney."", ""Enjoy!""]",4.0,1 (203 g),"[""time-to-make"", ""course"", ""main-ingredient"", ""cuisine"", ""preparation"", ""occasion"", ""side-dishes"", ""vegetables"", ""asian"", ""indian"", ""oven"", ""potluck"", ""dinner-party"", ""vegetarian"", ""stove-top"", ""dietary"", ""to-go"", ""equipment"", ""presentation"", ""served-hot""]"
259521,Tendli (Ivy Gourd) Subzi / Stir-Fry,"I have started to make a conscious effort of trying out vegetables Ive never eaten before, so the other day I was at the market when I came across ivy gourd which looks like a mini gherkin, and though I’ve seen it my whole life at the grocer’s and in other people's plates, I’ve never had a chance to taste it. I bought about 1/2 a pound of it, and once home , searched on Zaar for recipes using all its different names - tendli, tindora, ivy gourd ...  There wasn't a single one. So I set about the job of locating one on the internet...which was a huge task in itself! ( Recipezaar has spoiled us, hasn't it?)I quite liked this recipe from aromahope.blogspot.com and the outcome of it..I'm hooked onto tendli for life now...Hmm.. I wonder which vegetable I'll try next....","[""ivy gourd"", ""chili powder"", ""garam masala"", ""coriander powder"", ""cumin seed"", ""lemon juice"", ""cilantro"", ""oil"", ""mustard seeds"", ""cumin"", ""dried red chili"", ""curry leaves"", ""channa"", ""onion""]","[""2 -3   cups   ivy gourd, halved lengthwise  (tendli)"",""1   teaspoon    chili powder"",""1   teaspoon    garam masala"",""1   tablespoon    coriander powder"",""1   teaspoon    cumin seed"",""1   teaspoon    lemon juice"",""  salt, to taste "",""  cilantro, for garnishing "",""1   tablespoon    oil"",""1/2  teaspoon    mustard seeds"",""1/2  teaspoon    cumin seed"",""1 -2       dried red chili"",""3 -4       curry leaves"",""1   teaspoon    Urad Dal"",""1   teaspoon    channa dal"",""1   small    onion, finely chopped ""]","[""Heat a non-stick pan on medium heat and add the oil."", ""Once the oil is heated, add the seasoning ingredients."", ""When onions turn reddish, add the sliced tendlis and stir-fry on medium heat."", ""Fry them until the skin puckers a bit. They will be a little soft but still crunchy to bite."", ""Add salt and the rest of the dry masala. Sprinkle a generous amount of water and stir-fry."", ""Cover and cook for 4-5 minutes. Adjust the spices."", ""Add cilantro and lemon juice."", ""Can be served with Chapatis or Phulkas.""]",2.0,1 (56 g),"[""30-minutes-or-less"", ""time-to-make"", ""course"", ""preparation"", ""for-1-or-2"", ""main-dish"", ""side-dishes"", ""number-of-servings""]"
342926,Izakaya Style Japanese Edamame - Soy Beans in Pod,"This is so simple, I debated whether to submit this here, but it's something we enjoy with beer, sake, or good ol' soju.  There are probably much better recipes out there than this, but this one works for us for now without compromising heart healthy needs versus salt and oil.    Izakaya is a Japanese style pub and this is typical of something they would pull out while you are waiting for other orders.  You can add anything to this and let your imagination fly!  You can add miso, kochujang, tobandjan (hot red chile paste - not Indonesian or Malay), chopped kimchi, etc.","[""frozen edamame soy beans"", ""water"", ""soy sauce"", ""sake"", ""garlic cloves minced"", ""sesame oil""]","[""1   lb    frozen edamame (soy beans in pod)"",""6   cups    water"",""1/2  teaspoon    salt"",""1/3  cup    water"",""2   tablespoons    soy sauce"",""1   tablespoon    sake"",""1   tablespoon    mirin"",""2       garlic cloves, minced "",""1/2  teaspoon    sesame oil"",""  salt, to your taste ""]","[""Boil 6 cups of water and add 1/2 tsp salt in a medium sized saucepan.  Add edamame, cover and cook for 6 minutes.  Drain and wash in cold water."", ""In the same saucepan, add 1/3 C water, soy sauce, sake, mirin, garlic and rinsed edamame.  Over medium heat, gently cook edamame,  stirring frequently until liquid is reduced by at least two-thirds. This normally takes 5-6 minutes only.  Gently add sesame oil and combine."", ""Place in a serving platter and add salt to your taste.  We normally don""t add additional salt here, but that""s just us."", ""You may additionally add hot chile paste in the saucepan as well.""]",6.0,1 (338 g),"[""15-minutes-or-less"", ""time-to-make"", ""course"", ""main-ingredient"", ""cuisine"", ""preparation"", ""healthy"", ""very-low-carbs"", ""appetizers"", ""beans"", ""asian"", ""japanese"", ""vegetarian"", ""dietary"", ""low-cholesterol"", ""low-saturated-fat"", ""low-calorie"", ""low-carb"", ""soy-tofu"", ""healthy-2"", ""low-in-something""]"
268036,Angel Hair Pasta With Asian Style Cod &amp; Edamame,"This is quick. You may also substitute chicken breast cubes for the fish. Either way, it is delicious. You can also use canned broth. Edamame is soy beans.","[""angel hair pasta"", ""olive oil"", ""beaten"", ""cold water"", ""white flour"", ""paprika"", ""cod fish fillets boneless skinless chicken"", ""chopped fresh mushrooms canned mushroom stems"", ""hot water"", ""sysco chicken base"", ""minced garlic"", ""nakano rice vinegar"", ""kikkomen soy sauce"", ""sliced pimientos"", ""frozen edamame warm water soy beans""]","[""1 (12   ounce) package   angel hair pasta"",""4   tablespoons    olive oil"",""2      beaten eggs"",""1   teaspoon    cold water"",""1   cup    white flour"",""1   teaspoon    paprika"",""2 (16 -20   ounce)   thick cod fish fillets or 2       boneless skinless chicken breasts"",""2   cups   chopped fresh mushrooms or 1   cup    canned mushroom, stems and pieces, drained "",""2   cups    hot water"",""2   teaspoons   sysco chicken base"",""2   teaspoons   minced garlic"",""2   teaspoons   nakano rice vinegar"",""1   teaspoon   kikkomen soy sauce"",""2   tablespoons   sliced pimientos"",""2   cups    frozen edamame, rinsed with warm water  (soy beans)""]","[""Heat a stockpot with water and cook pasta as directed."", ""Note: Rub some olive oil on the inside edge of the pot towards the top and the pasta will never boil over the top."", ""While pasta is cooking, cut fish or chicken in 1 inch cubes."", ""Beat eggs and water together. Pour in a flat bottom dish."", ""Mix paprika with flour.Pour in flat bottom dish."", ""Dip the fish or chicken in the egg mixture, then in seasoned flour."", ""Heat the olive oil in large frying pan, saute the fish or chicken until brown on all sides. Place on paper towels. About 5 minutes."", ""While pasta and fish or chicken are cooking, mix hot water chicken base or chicken broth,garlic,rice vinegar, soy sauce together. Put in a microwave steamer dish or microwave dish with cover."", ""Add mushrooms and edamame; stir."", ""Cook 70% power for 10 minutes; set aside."", ""Do not uncover."", ""Drain Pasta. Keep warm with towel."", ""To Serve: Place pasta in large serving pasta dish around the edge. Put fried fish chunks or chicken chunks in the middle and the steamed sauce veggies over the fish or chicken. Sprinkle pimento slices on top if desired. Serve hot.""]",6.0,1 (339 g),"[""30-minutes-or-less"", ""time-to-make"", ""course"", ""main-ingredient"", ""cuisine"", ""preparation"", ""occasion"", ""north-american"", ""main-dish"", ""poultry"", ""seafood"", ""american"", ""asian"", ""japanese"", ""easy"", ""fish"", ""chicken"", ""spicy"", ""one-dish-meal"", ""inexpensive"", ""meat"", ""saltwater-fish"", ""cod"", ""taste-mood"", ""presentation"", ""served-cold""]"
413964,Fancy Pinwheel Sandwiches,I developed this recipe to serve as an appetizer at parties. The presentation is lovely and the preparation is fairly easy but does require several hours/overnight chilling time before you can slice them. The recipe makes 100 individual pinwheels so it is easy to judge how many batches you will need to feed your guests. It makes two different types of sandwiches to suite everyones taste.It is usually one of the crowd favorites wherever I take it. .,"[""sun dried tomato flavored wraps tortillas"", ""roast deli roast beef"", ""cheddar horseraddish cheese spread"", ""large cucumber"", ""lettuce"", ""spinach flavored wraps tortillas"", ""smoked turkey deli meat"", ""garlic herb spreadable cheese"", ""cooked"", ""lettuce""]","[""5   count   sun dried tomato flavored wraps or 5   count    tortillas"",""1 (9   ounce) container  roast deli roast beef"",""1      cheddar \u0026 horseraddish cheese spread, softened at room temp "",""1   large    cucumber"",""10   leaves   leaves lettuce"",""5   count   spinach flavored wraps or 5   count    tortillas"",""1 (9   ounce) container  smoked turkey deli meat"",""1       garlic \u0026 herb spreadable cheese, softened at room temp "",""15   slices    cooked bacon"",""10   leaves   leaves lettuce""]","[""You will be making two different types of pinwheels: Roast Beef with Cheddar and cucumber in a tomato wrap and Turkey with bacon and garlic herb cheese in a spinach wrap."", ""Wash head of lettuce and dry thoroughly."", ""Slice off the ends of the cucumber and remove the skin."", ""Cut in half lenghtwise and each half again and scoop out seeds with a spoon."", ""Slice each quarter into thin, wedgeshaped strips."", ""Place a tomato wrap on a cutting board and cover the surface of it with a thin layer of the cheddar horseraddish cheese spread, making sure to go to the edges. This is very important as the cheese spread holds everything together."", ""Leaving the top 2"" of the wrap uncovered, lay 2 lettuce leaves on the cheese and press gently. You will need the layer of just cheese to ""stick"" the wrap together after rolling."", ""Lay 2 slices of Roast Beef on top of the lettuce."", ""Place about 3 wedges of cucumber crosswise on each slice of Roast Beef bringing the ends together in the middle."", ""Starting from the bottom, roll the wrap upward, firmly but gently as not to tear it, finishing at the layer of cheese."", ""Cover the pinwheel with a piece of plastice wrap , twisting the ends to secure."", ""Repeat for the 4 remaining wraps."", ""You use the same preparation process for the Turkey and Garlic Herb Pinwheels using the Spinach wraps, garlic and herb cheese spread, Smoked Turkey and the lettuce leaves. Omit the cucumber and add 3 bacon strips placed crosswise over the turkey. Roll and cover with plastic wrap."", ""Place wrapped pinwheels in the refrigerator for several hours to overnight to allow cheese to firm back up. You want them cold and firm when you slice them."", ""After chilling, remove plastic wrap and place pinwheel on a cutting board. Using a thin, sharp serated knife slice off the end and then continue cutting slices down every 1/2"" until you reach the other end. Neither of the end pieces will be nice enough for presentation but that doesn\""t mean the cook can\""t enjoy them!"", ""You will have 50 slices of each kind of pinwheel when you are finished.""]",25.0,1 (25 g),"[""60-minutes-or-less"", ""time-to-make"", ""course"", ""preparation"", ""occasion"", ""for-large-groups"", ""appetizers"", ""dinner-party"", ""finger-food"", ""number-of-servings"", ""presentation""]"
540619,Ultimate Fruit Tray,"This fruit tray is not only beautiful to look at, but it's fun to put together as well. You can really use whatever fruit is in season or whatever you prefer, use this recipe as a guideline for putting together your tray It's the perfect summer treat to cool you down.","[""pineapple"", ""blueberries"", ""grapes"", ""oranges"", ""grapefruit"", ""blackberry"", ""raspberries"", ""fresh strawberries"", ""cherries"", ""plums"", ""fresh apricots"", ""red pears"", ""kiwi"", ""mango"", ""dragon fruit"", ""green apple"", ""cantaloupe"", ""watermelon"", ""cream cheese"", ""marshmallow cream"", ""heavy cream"", ""chocolate chips""]","[""1 small pineapple"",""1 pint blueberries"",""1/2 lb grapes (red or green)"",""2 small oranges, sliced"",""1 small grapefruit, sliced"",""1 pint blackberry"",""1 pint raspberries"",""1/2 lb fresh strawberries, stemmed and sliced"",""1/2 lb cherries"",""2 small plums, cored and sliced"",""2-3 fresh apricots, halved"",""1 small red pears, sliced"",""2 kiwi, peeled and sliced"",""1 mango, sliced"",""1/2 dragon fruit, sliced"",""1 small green apple, sliced"",""1/2 cantaloupe, peeled and sliced"",""1/2 watermelon, peeled and sliced"",""4 ounces cream cheese"",""1/2 cup marshmallow cream"",""1/2 cup heavy cream"",""1/2 cup chocolate chips""]","[""Use whatever fruit you have on hand or whichever you prefer. You can use some or all of what is listed. This is more of a guideline for putting together a beautiful fruit tray, rather than a strict recipe!"",""Start by placing two small sauce bowls in the center of a very large tray or baking sheet. This is where you""ll build your fruit tray so find something large enough to hold all your fruit."",""Create a bowl out of a pineapple by slicing it in half, crosswise, and then coring it and removing the fruit leaving only the outer layer to create a bowl. Fill with blueberries (or any other small fruit)."",""Then place the larger items around the board. Fruit like grapes on the vine, the sliced oranges, and grapefruit. Then you can start to fill in some of the areas and build off the other fruit with small mounds of blackberries, raspberries and strawberries."",""You want to place the fruit that""ll turn brown quicker, towards the end and right before serving. Apple slices, pear slices, and plums would go in next. If you want to prevent them from browning, you can drizzle some lemon juice over those fruits."",""Then you start putting the decorative touches. Make thin slices of strawberries, without cutting all the way through, and then fan them out. Peel and make slits around kiwi and then separate to make decorative halves."",""Use small cookie cutters in different shapes to cut out stars, flowers or hearts out of the cantaloupe, watermelon or honeydew. Place those on last, and then marvel at your beautiful creation. Fill the sauce dishes with the sauces below or any of your favorite store-bought sweet sauces."",""For the marshmallow sauce, place the cream cheese and marshmallow fluff into a heat safe bowl. Microwave in short 30 second bursts until warmed through. Stir until smooth. You want to serve this slightly warm so that it""s easier to dip into."",""For the chocolate sauce, warm the cream either in the microwave or on the stove until just heated through. Pour over the chocolate and let sit for about 5 minutes before stirring until smooth.""]",1218.0,1 (381 g),"[""30-minutes-or-less"",""time-to-make"",""course"",""main-ingredient"",""preparation"",""occasion"",""sauces"",""desserts"",""condiments-etc"",""fruit"",""summer"",""dietary"",""seasonal"",""sweet-sauces""]"
456728,Oj Oj (African Yam Fritters),"Recipe calls for native wateryam tubers, but yams can be used instead. Flavored with cilantro and onion, these make a great side for any meat dish. I found this at ModernAfricanCuisine.blogspot.com. Posting for ZWT7; Africa.","[""yams sweetpotato wateryam tuber"", ""medium onion"", ""cilantro"", ""salt freshly ground black pepper""]","[""4       yams (sweetpotato or wateryam tuber)"",""1   medium    onion"",""  cilantro (hand full-chopped)"",""1/2  cup    flour"",""2       eggs"",""  salt \u0026 freshly ground black pepper"",""  oil""]","[""Peel and grate yams, squeeze out any excess water; add egg, flour, onion and cilantro; season with salt and pepper."", ""Heat about 1 "" of oil in skillet; Drop yam mixture by large spoonfuls into hot oil; cook 3-4 minute on each side or until golden brown.""]",4.0,1 (226 g),"[""30-minutes-or-less"", ""time-to-make"", ""course"", ""main-ingredient"", ""cuisine"", ""preparation"", ""yams-sweet-potatoes"", ""side-dishes"", ""potatoes"", ""vegetables"", ""african"", ""easy"", ""3-steps-or-less""]"
238308,Bottle Gourd in Yogurt  (Ghiye Ka Raita),This raita has been a staple in my house ever since my dad was a kid.  This is the kind of raita you would find easily in roadside restaurants (dhabas) all over Punjab.  Very refreshing on a hot summer day--also very filling if you are on a diet!!!,"[""yogurt"", ""bottle gourd ghiya"", ""cumin powder jeera"", ""black pepper"", ""chopped mint leaves""]","[""2   cups    yogurt (thick n beaten)"",""1   cup   grated bottle gourd (ghiya)"",""1   teaspoon    cumin powder (jeera)"",""  salt"",""1/4  teaspoon    black pepper"",""2   tablespoons   chopped mint leaves""]","[""Boil grated ghiya till soft, drain and cool it."", ""Mix in the yogurt."", ""If yogurt is  very thick, mix little milk or water."", ""Now add salt, cumin powder, pepper powder and mint leaves."", ""Keep in refrigerator for an hour or so."", ""Serve ghiya raita chilled.""]",2.0,1 (248 g),"[""15-minutes-or-less"", ""time-to-make"", ""course"", ""cuisine"", ""preparation"", ""for-1-or-2"", ""condiments-etc"", ""asian"", ""indian"", ""easy"", ""number-of-servings""]"
298586,Keema Bhare Karailay,Serve with roti and pickle.,"[""bitter melons Karailay"", ""boneless skinless chicken minced"", ""large onions"", ""medium tomatoes"", ""green chilies Hari Mirch"", ""garlic cloves Lehsan"", ""ginger"", ""coriander Dhania garnish cilantro leaves Dhania garnish"", ""red chili powder Pisi Lal Mirch"", ""turmeric powder"", ""coriander powder"", ""salt bitter gourds"", ""cooking oil"", ""cumin seed"", ""coriander seed""]","[""500   g    bitter melons (Karailay)"",""300   g    boneless skinless chicken (minced)"",""4   large    onions (peeled \u0026 sliced, all 3 separated)"",""2   medium    tomatoes"",""4       green chilies (Hari Mirch, more or less may be used depending on taste preferance.)"",""5       garlic cloves (Lehsan, chopped)"",""2   inches    ginger (Adrak, freshly grated)"",""3   tablespoons    coriander (Hara Dhania, chopped, for garnish) or 3   tablespoons    cilantro leaves (Hara Dhania, chopped, for garnish)"",""1   teaspoon    red chili powder (Pisi Lal Mirch)"",""1/4  teaspoon    turmeric powder"",""1/2  tablespoon    coriander powder"",""3   tablespoons    salt (or as needed to cover bitter gourds)"",""5   tablespoons    cooking oil"",""1   tablespoon    cumin seed"",""1   tablespoon    coriander seed (whole)""]","[""Take the bitter gourds and peel off the skin. Cut each bitter gourd longways and de-seed them. Sprinkle salt all over the bitter gourds to cover them well with salt. Set aside for at least 3 hours (overnight if possible.)."", ""Put the turmeric powder ,garlic,salt, chili powder, ground coriander,1 cup water and keema in a heavy based pot. cook for 20 to 25 minutes, or until the meat is cook. allow to cool it."", ""Now add  sliced onions,cumin seeds,coriander seeds,tomatoes and green chillies.Fill each bitter gourd with the minced chicken. Then sew the bittergourds with thread and a needle, so they do not open while frying. In a karai, heat the oil and fry bittergourds in oil on medium heat until they turn golden."", ""Add bitter gourds in remaining keema with oil and simmer for another five minutes on low heat.""]",3.0,1 (370 g),"[""time-to-make"", ""cuisine"", ""preparation"", ""asian"", ""indian"", ""pakistani"", ""4-hours-or-less""]"
171505,Kafka's Koftas,"Vegetarian koftas in a lovely gravy… yum!  I originally got this recipe from indiaoz.com.au and it was really vague on instructions, so after making it last night, I’ve clarified some points. The result is a very tasty curry-like dish with a slight hint of sweetness which can be served beautifully over basmati rice.  For the koftas, I used carrots, peas and potato, but you can use other favorite vegetables, just so the consistency after mashing facilitates ball-forming.  I didn’t have green chili paste, so I substituted an equal amount of sriracha, the chili sauce with the rooster on the bottle!  Times are estimated.","[""boiled vegetables carrot green peas bottle gourd potato cauliflower"", ""ginger paste excess moisture"", ""black pepper"", ""vegetable oil"", ""vegetable oil"", ""boiled onion"", ""chopped tomatoes seeds"", ""ginger paste excess moisture"", ""garlic paste"", ""green chili paste"", ""coriander"", ""red chili powder"", ""turmeric powder"", ""garam masala powder"", ""cream"", ""coriander leaves""]","[""2   cups   boiled vegetables (carrot, green peas, bottle gourd, potato, cauliflower)"",""3/4  teaspoon    ginger paste (squeeze out any excess moisture)"",""1/2  teaspoon    black pepper"",""2   tablespoons    flour"",""8 -10   tablespoons    vegetable oil"",""  salt, to taste "",""4   tablespoons    vegetable oil"",""1   cup   boiled onion (mashed or chopped into a paste)"",""1   cup   finely chopped tomatoes, seeds removed "",""3 -4       bay leaves"",""1   teaspoon    ginger paste (squeeze out any excess moisture)"",""1   teaspoon    garlic paste"",""1/2  teaspoon    green chili paste"",""1   teaspoon    ground coriander"",""1   teaspoon    red chili powder"",""3/4  teaspoon    turmeric powder"",""1   teaspoon    garam masala powder"",""4   tablespoons    heavy cream"",""  salt, to taste "",""  coriander leaves, to garnish ""]","[""~~~ FOR KOFTA ~~~  Mash all the boiled vegetables. Mix ginger paste, pepper, flour and salt in well."", ""Make into small (1-inch diameter) kofta balls.  You really don’t have to take the time to form these… just drop by spoonfuls into approximate 1-inch balls."", ""Heat oil on high."", ""Reduce heat to medium and test out one kofta ball by frying until golden-to-dark brown, turning to brown the second side as well.  You must be very gentle as these are quite fragile.  If the kofta in the oil splatters too much, add a little more flour to the remaining kofta mixture and try again."", ""Cook the remaining koftas in batches and drain on paper towels."", ""~~~ FOR GRAVY ~~~  Heat oil in pan."", ""Fry bay leaves for 30 seconds."", ""Add onion paste, ginger-garlic paste and green chilli paste. Fry the mixture till it becomes golden brown and starts separating from oil."", ""Add the tomatoes and sauté for about 3 minutes."", ""Add garam masala, red chilli powder, turmeric, ground coriander and salt to the mixture and heat for about 3-4 minutes on medium."", ""Add enough water to the mixture to make a thick gravy."", ""Bring the gravy to gentle boil, then reduce the heat and cover, allowing to cook for 4-5 minutes."", ""Add half of the cream (2 tablespoons) and stir to blend with gravy."", ""~~~ TO FINISH ~~~  5-10 minutes prior to serving, add kofta balls to gravy. Heat on medium to 2-3 minutes."", ""Garnish with the remaining cream and finely chopped coriander leaves.""]",4.0,1 (177 g),"[""curries"", ""60-minutes-or-less"", ""time-to-make"", ""course"", ""main-ingredient"", ""cuisine"", ""preparation"", ""occasion"", ""main-dish"", ""potatoes"", ""vegetables"", ""asian"", ""indian"", ""dinner-party"", ""holiday-event"", ""vegetarian"", ""stove-top"", ""dietary"", ""seasonal"", ""egg-free"", ""free-of-something"", ""carrots"", ""cauliflower"", ""taste-mood"", ""equipment""]"
221437,Fried Karela Chips (Bitter Gourd),"Here's a vegetable that you might not find in your regular grocery store, but Asian and Indian markets usually stock them.  They're very bitter unless you use salt to draw as much moisture from them as you can, then they're quite mild.  Some people prefer the bitterness.  These make a great snack or salad garnish and I've also seen karela in Indian potato curries and even stuffed.  I've made them substituting regular white flour for the rice flour and they turned out great. More addictive than I expected. :oops:  Time includes the 1-hour moisture-drawing process.","[""karela bitter gourds"", ""rice flour"", ""besan flour chickpea flour gram flour"", ""red chili powder""]","[""3 -4       karela (bitter gourds)"",""2   teaspoons    salt"",""2   tablespoons    rice flour"",""2   tablespoons    besan flour (chickpea flour or gram flour)"",""1   teaspoon    red chili powder (or more according to taste)""]","[""Slice each piece of bitter gourd into fairly thin half-moon shape. Transfer them to a colander and sprinkle the salt over. Shake the colander to distribute the salt evenly. Leave to rest for about an hour or so."", ""Squeeze out as much moisture as possible from the bitter gourd pieces and dry them on paper towels. Transfer to a Ziploc bag or a big bowl."", ""Mix the seasoning ingredients together and sprinkle over the pieces. Shake the bag or bowl so that the seasoning is distributed evenly over the pieces."", ""Heat the oil in a wok, and fry the bitter gourd pieces in batches to a crisp brown. Drain on paper towels and try not to eat them all like I just did."", ""Serve as an accompaniment with Indian rice dishes, or eat as a snack.""]",6.0,1 (67 g),"[""time-to-make"", ""course"", ""main-ingredient"", ""cuisine"", ""preparation"", ""occasion"", ""appetizers"", ""lunch"", ""snacks"", ""vegetables"", ""asian"", ""indian"", ""picnic"", ""vegetarian"", ""stove-top"", ""dietary"", ""taste-mood"", ""to-go"", ""equipment"", ""4-hours-or-less""]"
54547,Bitter gourd in Yogurt,Posted in answer to a request. It is said that it helps keep diabetes in check.,"[""bitter gourd karelas"", ""plain yogurt"", ""turmeric powder"", ""fennel seed moti saunf"", ""fennel powder"", ""masala""]","[""2   medium    bitter gourd (karelas)"",""2   tablespoons    plain yogurt"",""1   pinch    turmeric powder"",""1/2  teaspoon    salt"",""2   teaspoons    oil"",""1/2  teaspoon    fennel seed (moti saunf)"",""1/2  teaspoon    fennel powder"",""1/2  teaspoon    chat masala""]","[""Wash and gently scrape the karelas so that the ridges diasappear and some skin remains on the vegetable."", ""Cut into roundels or semi circles- if the seeds are ripe, discard, or else retain the seeds."", ""Sprinkle turmeric powder and salt over the karelas and mix well."", ""Keep aside for half an hour for the bitter juices to run out."", ""After half hour, squeeze the karelas of any liquid that might remain in them and discard all the liquid."", ""Heat oil in a wok or frypan."", ""Add whole saunf, give it a few twirls and immediately throw in the squeezed karelas."", ""Stir for 2 minutess."", ""Add yogurt and cook till the yogurt comes to a rolling boil."", ""Cover, lower heat and cook till the karelas are tender."", ""Uncover, add ground fennel and chaat masaala."", ""Cook, without covering, till all the liquid has dried."", ""Check to see if you require more salt.""]",2.0,1 (22 g),"[""60-minutes-or-less"", ""time-to-make"", ""main-ingredient"", ""cuisine"", ""preparation"", ""for-1-or-2"", ""vegetables"", ""asian"", ""indian"", ""diabetic"", ""stove-top"", ""dietary"", ""equipment"", ""number-of-servings""]"
